logical_or,function
tanh,function
index_select,function
sin,function
reciprocal,function
tan,function
is_nonzero,function
sort,function
erfc,function
mvlgamma,function
isin,function
randperm,function
log10,function
quasirandom.SobolEngine,class
all,function
load,function
diag,function
empty_like,function
ldexp,function
trapz,function
addcmul,function
set_default_dtype,function
sign,function
prod,function
istft,function
repeat_interleave,function
scatter,function
tensor_split,function
flipud,function
promote_types,function
clip,function
hann_window,function
greater,function
cholesky_solve,function
frexp,function
arcsin,function
set_rng_state,function
lu_solve,function
count_nonzero,function
det,function
numel,function
le,function
nanquantile,function
is_inference_mode_enabled,function
scatter_add,function
quantize_per_tensor,function
logaddexp2,function
Tensor.scatter_reduce_,function
conj,function
logaddexp,function
linspace,function
nextafter,function
dist,function
arange,function
maximum,function
block_diag,function
quantile,function
swapaxes,function
take_along_dim,function
imag,function
gt,function
bitwise_or,function
floor,function
tile,function
blackman_window,function
Tensor.uniform_,function
minimum,function
hypot,function
linalg.matrix_exp,function
asinh,function
linalg.inv,function
topk,function
lobpcg,function
acos,function
is_storage,function
sub,function
chunk,function
seed,function
quantized_batch_norm,function
index_copy,function
linalg.pinv,function
symeig,function
dstack,function
Tensor.normal_,function
isnan,function
heaviside,function
norm,function
std_mean,function
set_warn_always,function
flip,function
resolve_neg,function
use_deterministic_algorithms,function
diff,function
tril,function
sigmoid,function
flatten,function
rsqrt,function
nan_to_num,function
nansum,function
bartlett_window,function
tensor,function
t,function
floor_divide,function
set_default_tensor_type,function
arctan2,function
fix,function
logcumsumexp,function
hamming_window,function
asin,function
triu,function
split,function
einsum,function
sinc,function
movedim,function
complex,function
set_num_interop_threads,function
isreal,function
diagonal_scatter,function
deg2rad,function
any,function
zeros,function
gather,function
permute,function
multiply,function
arctan,function
sgn,function
_assert,function
gradient,function
logical_not,function
less,function
exp2,function
clamp,function
rand,function
pow,function
asarray,function
set_flush_denormal,function
cos,function
kaiser_window,function
tensordot,function
diag_embed,function
pinverse,function
bitwise_left_shift,function
round,function
index_add,function
chain_matmul,function
absolute,function
vstack,function
equal,function
lerp,function
pca_lowrank,function
msort,function
fake_quantize_per_channel_affine,function
true_divide,function
clone,function
column_stack,function
unbind,function
where,function
logit,function
log2,function
empty_strided,function
vander,function
trapezoid,function
kron,function
cat,function
arccosh,function
igammac,function
geqrf,function
ones,function
bmm,function
erfinv,function
fmin,function
svd,function
cosh,function
trunc,function
Tensor.random_,function
addr,function
cov,function
less_equal,function
cdist,function
nanmean,function
argmax,function
isposinf,function
fake_quantize_per_tensor_affine,function
trace,function
get_default_dtype,function
as_strided,function
subtract,function
meshgrid,function
Tensor.index_reduce_,function
bernoulli,function
argsort,function
angle,function
searchsorted,function
get_deterministic_debug_mode,function
nonzero,function
rad2deg,function
randint,function
is_warn_always_enabled,function
mode,function
vsplit,function
stack,function
cartesian_prod,function
tril_indices,function
logical_xor,function
float_power,function
amax,function
digamma,function
dot,function
cholesky,function
matrix_power,function
combinations,function
aminmax,function
var,function
narrow,function
quantized_max_pool2d,function
lu_unpack,function
from_dlpack,function
addmv,function
slogdet,function
max,function
div,function
slice_scatter,function
exp,function
qr,function
ravel,function
polygamma,function
cumprod,function
rand_like,function
argmin,function
initial_seed,function
broadcast_shapes,function
Tensor.exponential_,function
reshape,function
gcd,function
log1p,function
lstsq,function
linalg.householder_product,function
fliplr,function
ormqr,function
not_equal,function
from_numpy,function
sqrt,function
dequantize,function
rot90,function
poisson,function
allclose,function
lcm,function
mul,function
as_tensor,function
addcdiv,function
randn,function
square,function
swapdims,function
zeros_like,function
atanh,function
normal,function
eig,function
get_num_threads,function
argwhere,function
baddbmm,function
are_deterministic_algorithms_enabled,function
ones_like,function
i0,function
row_stack,function
select_scatter,function
std,function
arcsinh,function
ger,function
multinomial,function
add,function
view_as_real,function
get_float32_matmul_precision,function
inner,function
dsplit,function
result_type,function
squeeze,function
vdot,function
mm,function
atleast_2d,function
Tensor.index_add_,function
log,function
negative,function
Tensor.bernoulli_,function
histogramdd,function
is_grad_enabled,function
logspace,function
logsumexp,function
unsqueeze,function
broadcast_to,function
frac,function
abs,function
empty,function
range,function
set_float32_matmul_precision,function
isneginf,function
save,function
cummax,function
view_as_complex,function
nanmedian,function
matrix_exp,function
arctanh,function
atan2,function
corrcoef,function
is_conj,function
lu,function
bitwise_xor,function
cumulative_trapezoid,function
bitwise_not,function
neg,function
masked_select,function
greater_equal,function
bucketize,function
conj_physical,function
sinh,function
polar,function
addmm,function
acosh,function
isclose,function
is_complex,function
signbit,function
xlogy,function
Tensor.scatter_add_,function
Tensor.geometric_,function
eq,function
renorm,function
set_printoptions,function
compiled_with_cxx11_abi,function
min,function
is_tensor,function
erf,function
matmul,function
Tensor.log_normal_,function
ceil,function
expm1,function
triangular_solve,function
hstack,function
median,function
bitwise_right_shift,function
Tensor.scatter_,function
orgqr,function
cummin,function
fmax,function
svd_lowrank,function
adjoint,function
can_cast,function
set_num_threads,function
resolve_conj,function
frombuffer,function
Tensor.cauchy_,function
triu_indices,function
fmod,function
igamma,function
roll,function
full,function
histogram,function
unique_consecutive,function
diagflat,function
transpose,function
isinf,function
diagonal,function
set_deterministic_debug_mode,function
divide,function
mv,function
atleast_3d,function
index_reduce,function
amin,function
is_deterministic_algorithms_warn_only_enabled,function
select,function
outer,function
eye,function
logdet,function
bincount,function
quantized_max_pool1d,function
cross,function
atan,function
ne,function
lgamma,function
linalg.det,function
matrix_rank,function
concat,function
isfinite,function
full_like,function
remainder,function
sum,function
cholesky_inverse,function
get_rng_state,function
quantize_per_channel,function
take,function
copysign,function
stft,function
randint_like,function
logical_and,function
inference_mode,class
addbmm,function
bitwise_and,function
atleast_1d,function
set_grad_enabled,class
broadcast_tensors,function
randn_like,function
is_floating_point,function
arccos,function
histc,function
positive,function
hsplit,function
var_mean,function
linalg.slogdet,function
ge,function
manual_seed,function
inverse,function
lt,function
moveaxis,function
real,function
sparse_coo_tensor,function
mean,function
cumsum,function
scatter_reduce,function
linalg.matrix_power,function
kthvalue,function
unique,function
get_num_interop_threads,function
nn.utils.rnn.PackedSequence,class
nn.utils.parametrize.ParametrizationList,class
nn.parameter.Parameter,class
nn.ReplicationPad3d,class
nn.ParameterList,class
nn.utils.prune.remove,function
nn.FeatureAlphaDropout,class
nn.Identity,class
nn.MultiLabelMarginLoss,class
nn.AvgPool1d,class
nn.modules.module.register_module_full_backward_hook,function
nn.LeakyReLU,class
nn.MultiLabelSoftMarginLoss,class
nn.AvgPool3d,class
nn.RNNCell,class
nn.Conv2d,class
nn.MaxPool3d,class
nn.Sequential,class
nn.InstanceNorm3d,class
nn.utils.prune.l1_unstructured,function
nn.LazyLinear,class
nn.AdaptiveAvgPool1d,class
nn.GRUCell,class
nn.FractionalMaxPool3d,class
_assert,function
nn.GroupNorm,class
nn.Unflatten,class
nn.utils.prune.RandomStructured,class
nn.utils.prune.L1Unstructured,class
nn.Mish,class
nn.TransformerEncoder,class
nn.AdaptiveMaxPool2d,class
nn.LogSoftmax,class
nn.PixelShuffle,class
nn.BCELoss,class
nn.DataParallel,class
nn.utils.prune.custom_from_mask,function
nn.AdaptiveMaxPool3d,class
nn.BCEWithLogitsLoss,class
nn.utils.parametrize.register_parametrization,function
nn.utils.prune.random_structured,function
nn.LazyConv1d,class
nn.L1Loss,class
nn.utils.stateless.functional_call,function
nn.parameter.UninitializedBuffer,class
nn.Hardswish,class
nn.RNN,class
nn.LazyConvTranspose2d,class
nn.TripletMarginLoss,class
nn.Conv3d,class
nn.Softplus,class
nn.modules.module.register_module_forward_pre_hook,function
nn.TransformerDecoderLayer,class
nn.utils.prune.is_pruned,function
nn.BatchNorm3d,class
nn.AlphaDropout,class
nn.LazyConvTranspose3d,class
nn.TransformerDecoder,class
nn.Hardtanh,class
nn.utils.prune.CustomFromMask,class
nn.CrossEntropyLoss,class
nn.ConvTranspose1d,class
nn.Softmax,class
nn.UpsamplingNearest2d,class
nn.utils.vector_to_parameters,function
nn.SyncBatchNorm,class
nn.ReflectionPad1d,class
nn.utils.parametrizations.orthogonal,function
nn.NLLLoss,class
nn.MarginRankingLoss,class
nn.GELU,class
nn.ConstantPad1d,class
nn.LazyInstanceNorm3d,class
nn.UpsamplingBilinear2d,class
nn.Linear,class
nn.KLDivLoss,class
nn.Unfold,class
nn.ParameterDict,class
nn.utils.clip_grad_norm_,function
nn.MultiheadAttention,class
nn.LSTM,class
nn.Hardsigmoid,class
nn.utils.prune.ln_structured,function
nn.LPPool1d,class
nn.Hardshrink,class
nn.Softshrink,class
nn.MultiMarginLoss,class
nn.TransformerEncoderLayer,class
nn.Dropout1d,class
nn.Conv1d,class
nn.MaxUnpool2d,class
nn.utils.prune.PruningContainer,class
nn.modules.lazy.LazyModuleMixin,class
nn.ReLU,class
nn.CTCLoss,class
nn.utils.weight_norm,function
nn.ReplicationPad2d,class
nn.HuberLoss,class
nn.BatchNorm1d,class
nn.CosineSimilarity,class
nn.ReLU6,class
nn.ModuleDict,class
nn.GLU,class
nn.TripletMarginWithDistanceLoss,class
nn.LazyBatchNorm1d,class
nn.ReflectionPad3d,class
nn.LPPool2d,class
nn.InstanceNorm1d,class
nn.Bilinear,class
nn.utils.prune.random_unstructured,function
nn.utils.spectral_norm,function
nn.Fold,class
nn.Upsample,class
nn.MaxUnpool3d,class
nn.ReplicationPad1d,class
nn.utils.parametrize.is_parametrized,function
nn.BatchNorm2d,class
nn.Dropout3d,class
nn.utils.parametrize.cached,function
nn.InstanceNorm2d,class
nn.AdaptiveLogSoftmaxWithLoss,class
nn.utils.prune.RandomUnstructured,class
nn.PReLU,class
nn.LazyConv3d,class
nn.ZeroPad2d,class
nn.utils.clip_grad_value_,function
nn.ReflectionPad2d,class
nn.utils.remove_spectral_norm,function
nn.Softmin,class
nn.HingeEmbeddingLoss,class
nn.utils.parameters_to_vector,function
nn.CosineEmbeddingLoss,class
nn.MaxPool2d,class
nn.AdaptiveAvgPool3d,class
nn.GaussianNLLLoss,class
nn.utils.prune.global_unstructured,function
nn.ConstantPad2d,class
nn.MSELoss,class
nn.utils.parametrizations.spectral_norm,function
nn.utils.skip_init,function
nn.Dropout2d,class
nn.ConvTranspose2d,class
nn.AdaptiveAvgPool2d,class
nn.MaxUnpool1d,class
nn.utils.remove_weight_norm,function
nn.Threshold,class
nn.RNNBase,class
nn.RReLU,class
nn.LazyInstanceNorm2d,class
nn.CELU,class
nn.parameter.UninitializedParameter,class
nn.LazyInstanceNorm1d,class
nn.PoissonNLLLoss,class
nn.LocalResponseNorm,class
nn.PairwiseDistance,class
nn.LazyBatchNorm2d,class
nn.utils.rnn.pad_packed_sequence,function
nn.parallel.DistributedDataParallel,class
nn.LazyConv2d,class
nn.utils.parametrize.remove_parametrizations,function
nn.utils.prune.LnStructured,class
nn.ConstantPad3d,class
nn.Transformer,class
nn.SoftMarginLoss,class
nn.SiLU,class
nn.Flatten,class
nn.ELU,class
nn.LSTMCell,class
nn.SmoothL1Loss,class
nn.Embedding,class
nn.MaxPool1d,class
nn.AvgPool2d,class
nn.FractionalMaxPool2d,class
nn.ChannelShuffle,class
nn.ModuleList,class
nn.utils.rnn.pack_padded_sequence,function
nn.utils.rnn.pad_sequence,function
nn.Dropout,class
nn.GRU,class
nn.LazyBatchNorm3d,class
nn.AdaptiveMaxPool1d,class
nn.LayerNorm,class
nn.modules.module.register_module_backward_hook,function
nn.modules.module.register_module_forward_hook,function
nn.PixelUnshuffle,class
nn.utils.rnn.pack_sequence,function
nn.LazyConvTranspose1d,class
nn.SELU,class
nn.ConvTranspose3d,class
nn.EmbeddingBag,class
nn.functional.hardsigmoid,function
nn.functional.fractional_max_pool2d,function
nn.functional.selu,function
nn.MultiLabelMarginLoss,class
nn.functional.adaptive_max_pool2d,function
nn.functional.bilinear,function
nn.MultiLabelSoftMarginLoss,class
nn.functional.margin_ranking_loss,function
nn.functional.rrelu_,function
nn.functional.hinge_embedding_loss,function
nn.functional.max_unpool2d,function
nn.functional.prelu,function
nn.functional.pad,function
nn.functional.avg_pool2d,function
nn.functional.softmax,function
nn.functional.smooth_l1_loss,function
nn.functional.nll_loss,function
nn.functional.normalize,function
nn.functional.conv3d,function
nn.functional.dropout3d,function
nn.functional.sigmoid,function
nn.functional.leaky_relu,function
nn.functional.hardswish,function
nn.PixelShuffle,class
nn.functional.fractional_max_pool3d,function
nn.functional.threshold_,function
nn.functional.adaptive_avg_pool3d,function
nn.functional.dropout1d,function
nn.functional.softmin,function
nn.functional.conv2d,function
nn.functional.leaky_relu_,function
nn.TripletMarginLoss,class
nn.functional.hardtanh_,function
nn.functional.feature_alpha_dropout,function
nn.functional.cross_entropy,function
nn.functional.adaptive_max_pool1d,function
nn.functional.max_unpool3d,function
nn.functional.softplus,function
nn.functional.soft_margin_loss,function
nn.functional.grid_sample,function
nn.functional.tanhshrink,function
nn.MarginRankingLoss,class
nn.functional.multi_margin_loss,function
nn.functional.adaptive_max_pool3d,function
nn.functional.pixel_shuffle,function
nn.functional.relu6,function
nn.functional.gumbel_softmax,function
nn.functional.upsample_bilinear,function
nn.functional.silu,function
nn.functional.alpha_dropout,function
nn.MultiMarginLoss,class
nn.functional.elu_,function
nn.functional.fold,function
nn.functional.gelu,function
nn.functional.adaptive_avg_pool2d,function
nn.functional.linear,function
nn.functional.hardtanh,function
nn.functional.binary_cross_entropy_with_logits,function
nn.modules.lazy.LazyModuleMixin,class
nn.functional.mse_loss,function
nn.functional.group_norm,function
nn.functional.cosine_embedding_loss,function
nn.functional.max_unpool1d,function
nn.functional.batch_norm,function
nn.functional.adaptive_avg_pool1d,function
nn.functional.glu,function
nn.functional.upsample,function
nn.TripletMarginWithDistanceLoss,class
nn.functional.dropout2d,function
nn.functional.gaussian_nll_loss,function
nn.functional.pixel_unshuffle,function
nn.functional.max_pool3d,function
nn.functional.hardshrink,function
nn.functional.conv_transpose2d,function
nn.functional.layer_norm,function
nn.functional.avg_pool1d,function
nn.functional.conv_transpose3d,function
nn.functional.celu,function
nn.functional.threshold,function
nn.functional.pdist,function
nn.functional.lp_pool2d,function
nn.functional.kl_div,function
nn.functional.softsign,function
nn.functional.embedding_bag,function
nn.functional.multilabel_margin_loss,function
nn.functional.triplet_margin_with_distance_loss,function
nn.functional.ctc_loss,function
nn.functional.local_response_norm,function
nn.functional.dropout,function
nn.functional.relu_,function
nn.functional.tanh,function
nn.functional.conv_transpose1d,function
nn.HingeEmbeddingLoss,class
nn.CosineEmbeddingLoss,class
nn.functional.elu,function
nn.functional.max_pool2d,function
nn.functional.lp_pool1d,function
nn.functional.pairwise_distance,function
nn.functional.rrelu,function
nn.functional.conv1d,function
nn.functional.cosine_similarity,function
nn.functional.unfold,function
nn.functional.one_hot,function
nn.functional.huber_loss,function
nn.functional.triplet_margin_loss,function
nn.functional.interpolate,function
nn.functional.embedding,function
nn.functional.max_pool1d,function
nn.functional.relu,function
nn.PairwiseDistance,class
nn.functional.binary_cross_entropy,function
nn.functional.avg_pool3d,function
nn.functional.instance_norm,function
nn.functional.l1_loss,function
nn.SoftMarginLoss,class
nn.functional.mish,function
nn.functional.multilabel_soft_margin_loss,function
nn.functional.affine_grid,function
nn.functional.log_softmax,function
nn.functional.softshrink,function
nn.functional.upsample_nearest,function
nn.functional.logsigmoid,function
nn.functional.poisson_nll_loss,function
Tensor.reshape_as,function
Tensor.erfinv,function
Tensor.repeat_interleave,function
logical_or,function
Tensor.pinverse,function
tanh,function
index_select,function
sin,function
Tensor.conj,function
Tensor.logical_xor_,function
Tensor.ne_,function
Tensor.lcm,function
Tensor.bernoulli,function
Tensor.maximum,function
reciprocal,function
tan,function
Tensor.cos_,function
Tensor.floor_divide_,function
Tensor.clip_,function
Tensor.diag_embed,function
sort,function
erfc,function
Tensor.masked_fill,function
Tensor.index_fill,function
Tensor.put_,function
mvlgamma,function
Tensor.scatter_reduce,function
Tensor.index_reduce,function
Tensor.isneginf,function
Tensor.index_add,function
Tensor.ceil_,function
log10,function
all,function
diag,function
Tensor.mul_,function
Tensor.baddbmm,function
Tensor.cholesky_inverse,function
Tensor.is_pinned,function
ldexp,function
addcmul,function
Tensor.is_conj,function
Tensor.true_divide_,function
Tensor.clip,function
sign,function
Tensor.index_copy_,function
Tensor.addcmul_,function
prod,function
Tensor.unsqueeze_,function
Tensor.vdot,function
Tensor.backward,function
Tensor.int,function
istft,function
Tensor.square_,function
repeat_interleave,function
Tensor.tril_,function
Tensor.asin_,function
tensor_split,function
Tensor.arctan2_,function
Tensor.cumprod,function
nn.parallel.data_parallel,function
Tensor.arctan2,function
Tensor.all,function
flipud,function
Tensor.gt_,function
Tensor.cumprod_,function
Tensor.i0,function
Tensor.masked_scatter_,function
Tensor.floor_,function
Tensor.matrix_exp,function
greater,function
cholesky_solve,function
Tensor.conj_physical,function
frexp,function
arcsin,function
Tensor.new_ones,function
Tensor.topk,function
Tensor.bitwise_xor,function
Tensor.less_,function
lu_solve,function
Tensor.renorm,function
Tensor.addmv_,function
count_nonzero,function
Tensor.requires_grad_,function
Tensor.aminmax,function
det,function
Tensor.tan,function
numel,function
le,function
nanquantile,function
Tensor.subtract,function
Tensor.bitwise_not,function
Tensor.half,function
Tensor.type_as,function
Tensor.swapdims,function
logaddexp2,function
smm,function
Tensor.scatter_reduce_,function
conj,function
Tensor.igammac_,function
logaddexp,function
Tensor.index_fill_,function
dist,function
Tensor.cosh_,function
nextafter,function
sspaddmm,function
maximum,function
Tensor.permute,function
Tensor.signbit,function
Tensor.squeeze_,function
Tensor.moveaxis,function
quantile,function
Tensor.histc,function
Tensor.addbmm_,function
swapaxes,function
take_along_dim,function
Tensor.quantile,function
gt,function
bitwise_or,function
nn.functional.hardshrink,function
Tensor.log10,function
Tensor.expand_as,function
floor,function
Tensor.gcd,function
tile,function
Tensor.uniform_,function
Tensor.as_sub,class
minimum,function
hypot,function
Tensor.renorm_,function
Tensor.allclose,function
asinh,function
Tensor.detach,function
Tensor.fix_,function
topk,function
Tensor.cpu,function
Tensor.expm1,function
acos,function
Tensor.index_put,function
Tensor.polygamma,function
Tensor.divide,function
sub,function
Tensor.logical_xor,function
chunk,function
Tensor.amax,function
Tensor.arccos_,function
Tensor.item,function
Tensor.greater_,function
Tensor.transpose_,function
Tensor.ge_,function
Tensor.flip,function
Tensor.lgamma,function
Tensor.argwhere,function
symeig,function
Tensor.new_zeros,function
Tensor.roll,function
Tensor.normal_,function
isnan,function
heaviside,function
norm,function
Tensor.conj_physical_,function
flip,function
Tensor.isfinite,function
Tensor.max,function
Tensor.isclose,function
resolve_neg,function
Tensor.erfc_,function
Tensor.gather,function
diff,function
Tensor.symeig,function
tril,function
Tensor.nonzero,function
Tensor.acosh_,function
Tensor.tolist,function
sigmoid,function
Tensor.true_divide,function
flatten,function
Tensor.le_,function
Tensor.cov,function
Tensor.atan2,function
rsqrt,function
Tensor.unique,function
nansum,function
nan_to_num,function
tensor,function
Tensor.lerp,function
floor_divide,function
arctan2,function
Tensor.digamma_,function
fix,function
Tensor.is_complex,function
t,function
Tensor.trunc,function
logcumsumexp,function
Tensor.is_set_to,function
asin,function
Tensor.round,function
Tensor.index_select,function
triu,function
Tensor.atan2_,function
Tensor.arctanh_,function
Tensor.logical_not,function
split,function
Tensor.neg_,function
Tensor.fmax,function
Tensor.mvlgamma,function
sinc,function
Tensor.bitwise_right_shift_,function
movedim,function
Tensor.sgn,function
Tensor.clone,function
Tensor.view,function
isreal,function
Tensor.outer,function
Tensor.tril,function
deg2rad,function
any,function
Tensor.resize_,function
gather,function
permute,function
Tensor.q_scale,function
Tensor.sin_,function
multiply,function
Tensor.squeeze,function
Tensor.register_hook,function
Tensor.sum,function
Tensor.retain_grad,function
Tensor.logit,function
Tensor.divide_,function
Tensor.sub_,function
arctan,function
Tensor.is_signed,function
sgn,function
Tensor.xlogy,function
Tensor.chalf,function
Tensor.mode,function
logical_not,function
Tensor.cuda,function
Tensor.swapaxes,function
Tensor.flatten,function
Tensor.sparse_mask,function
Tensor.stride,function
Tensor.byte,function
Tensor.new_full,function
Tensor.scatter,function
clamp,function
Tensor.resize_as_,function
Tensor.floor_divide,function
Tensor.arctan_,function
Tensor.nextafter_,function
pow,function
Tensor.bitwise_left_shift_,function
Tensor.bool,function
Tensor.igamma,function
Tensor.multiply,function
Tensor.sspaddmm,function
Tensor.corrcoef,function
Tensor.digamma,function
cos,function
Tensor.cosh,function
diag_embed,function
Tensor.floor,function
pinverse,function
Tensor.slogdet,function
Tensor.add_,function
bitwise_left_shift,function
Tensor.nelement,function
round,function
Tensor.sgn_,function
Tensor.atanh,function
equal,function
lerp,function
Tensor.frac_,function
msort,function
Tensor.set_,function
Tensor.long,function
Tensor.triu,function
Tensor.median,function
Tensor.contiguous,function
Tensor.repeat,function
Tensor.neg,function
Tensor.dist,function
Tensor.le,function
true_divide,function
clone,function
Tensor.logical_or_,function
Tensor.reciprocal,function
logit,function
Tensor.masked_scatter,function
unbind,function
Tensor.arccos,function
Tensor.sinh,function
log2,function
Tensor.arcsinh,function
Tensor.double,function
Tensor.logical_and_,function
Tensor.frac,function
Tensor.narrow_copy,function
Tensor.element_size,function
Tensor.eig,function
igammac,function
geqrf,function
bmm,function
erfinv,function
Tensor.qr,function
fmin,function
Tensor.isreal,function
Tensor.tan_,function
Tensor.gt,function
svd,function
Tensor.not_equal,function
Tensor.tanh,function
cosh,function
trunc,function
Tensor.random_,function
addr,function
Tensor.abs,function
Tensor.diag,function
Tensor.to,function
Tensor.exp_,function
Tensor.svd,function
cov,function
Tensor.cummin,function
less_equal,function
Tensor.hypot,function
nanmean,function
argmax,function
Tensor.diff,function
isposinf,function
Tensor.unique_consecutive,function
Tensor.stft,function
Tensor.multiply_,function
trace,function
as_strided,function
Tensor.fmod_,function
Tensor.pow_,function
Tensor.unbind,function
Tensor.addr,function
Tensor.asin,function
subtract,function
Tensor.fliplr,function
argsort,function
Tensor.index_reduce_,function
Tensor.cos,function
Tensor.int_repr,function
Tensor.isnan,function
angle,function
Tensor.mv,function
Tensor.pow,function
Tensor.rsqrt,function
nonzero,function
rad2deg,function
Tensor.sparse_dim,function
Tensor.erfc,function
Tensor.sin,function
Tensor.add,function
Tensor.isinf,function
Tensor.is_inference,function
Tensor.baddbmm_,function
Tensor.sinh_,function
Tensor.bitwise_and,function
Tensor.data_ptr,function
mode,function
vsplit,function
Tensor.istft,function
Tensor.heaviside,function
Tensor.addcdiv,function
Tensor.remainder_,function
Tensor.log1p_,function
logical_xor,function
Tensor.frexp,function
Tensor.masked_fill_,function
Tensor.mean,function
Tensor.qscheme,function
Tensor.count_nonzero,function
amax,function
float_power,function
Tensor.logical_and,function
Tensor.div_,function
Tensor.absolute_,function
Tensor.copysign,function
Tensor.dense_dim,function
Tensor.narrow,function
digamma,function
Tensor.logical_or,function
dot,function
Tensor.short,function
cholesky,function
aminmax,function
var,function
Tensor.new_empty,function
Tensor.smm,function
Tensor.bmm,function
Tensor.mul,function
narrow,function
Tensor.ge,function
Tensor.apply_,function
Tensor.erf_,function
Tensor.arccosh_,function
addmv,function
Tensor.lcm_,function
Tensor.ldexp,function
slogdet,function
max,function
Tensor.nextafter,function
div,function
Tensor.as_strided,function
Tensor.deg2rad,function
exp,function
Tensor.log1p,function
slice_scatter,function
qr,function
ravel,function
Tensor.is_contiguous,function
Tensor.cfloat,function
cumprod,function
Tensor.bitwise_left_shift,function
polygamma,function
Tensor.greater,function
Tensor.sinc,function
Tensor.ndimension,function
Tensor.hypot_,function
Tensor.lu_solve,function
argmin,function
Tensor.hsplit,function
Tensor.size,function
Tensor.arctanh,function
Tensor.cumsum,function
Tensor.trunc_,function
Tensor.eq_,function
Tensor.exponential_,function
Tensor.is_floating_point,function
Tensor.take,function
Tensor.expm1_,function
Tensor.rad2deg,function
Tensor.greater_equal,function
Tensor.bitwise_not_,function
Tensor.cumsum_,function
gcd,function
log1p,function
lstsq,function
Tensor.atan_,function
Tensor.igammac,function
fliplr,function
Tensor.slice_scatter,function
Tensor.any,function
ormqr,function
Tensor.negative,function
Tensor.argsort,function
Tensor.diagflat,function
not_equal,function
Tensor.histogram,function
sqrt,function
Tensor.t_,function
Tensor.type,function
Tensor.t,function
Tensor.acos,function
rot90,function
Tensor.logcumsumexp,function
Tensor.reciprocal_,function
Tensor.prod,function
Tensor.q_per_channel_axis,function
Tensor.geqrf,function
Tensor.addcdiv_,function
allclose,function
Tensor.det,function
lcm,function
Tensor.min,function
mul,function
as_tensor,function
addcdiv,function
Tensor.split,function
Tensor.dim,function
square,function
swapdims,function
Tensor.select,function
atanh,function
Tensor.abs_,function
Tensor.storage_offset,function
Tensor.ldexp_,function
Tensor.matmul,function
Tensor.log2,function
Tensor.exp,function
eig,function
baddbmm,function
argwhere,function
Tensor.less_equal_,function
Tensor.minimum,function
i0,function
select_scatter,function
Tensor.resolve_neg,function
std,function
Tensor.pin_memory,function
Tensor.logit_,function
Tensor.std,function
Tensor.logaddexp2,function
Tensor.asinh,function
Tensor.values,function
arcsinh,function
Tensor.fill_diagonal_,function
ger,function
Tensor.nanquantile,function
Tensor.bincount,function
Tensor.addmm_,function
multinomial,function
Tensor.cummax,function
Tensor.logaddexp,function
Tensor.float_power_,function
Tensor.amin,function
Tensor.fmod,function
Tensor.dot,function
inner,function
dsplit,function
Tensor.share_memory_,function
squeeze,function
vdot,function
Tensor.angle,function
mm,function
Tensor.numpy,function
Tensor.erfinv_,function
Tensor.index_add_,function
log,function
negative,function
Tensor.sqrt_,function
Tensor.bernoulli_,function
Tensor.xlogy_,function
Tensor.lerp_,function
Tensor.copysign_,function
logsumexp,function
broadcast_to,function
Tensor.ravel,function
unsqueeze,function
Tensor.cross,function
frac,function
Tensor.lu,function
Tensor.log_,function
Tensor.remainder,function
abs,function
Tensor.bitwise_right_shift,function
Tensor.isposinf,function
Tensor.logsumexp,function
Tensor.dsplit,function
Tensor.record_stream,function
Tensor.diagonal_scatter,function
Tensor.is_shared,function
Tensor.addmm,function
Tensor.acos_,function
Tensor.sqrt,function
Tensor.q_per_channel_scales,function
Tensor.unsqueeze,function
Tensor.resolve_conj,function
Tensor.norm,function
isneginf,function
cummax,function
Tensor.indices,function
Tensor.numel,function
nanmedian,function
Tensor.nan_to_num_,function
matrix_exp,function
atan2,function
lu,function
corrcoef,function
Tensor.new_tensor,function
Tensor.msort,function
bitwise_xor,function
Tensor.greater_equal_,function
arctanh,function
Tensor.chunk,function
bitwise_not,function
Tensor.eq,function
Tensor.to_mkldnn,function
Tensor.arcsin_,function
neg,function
Tensor.expand,function
Tensor.index_put_,function
masked_select,function
greater_equal,function
Tensor.fix,function
Tensor.sigmoid,function
conj_physical,function
sinh,function
Tensor.take_along_dim,function
Tensor.addcmul,function
Tensor.bitwise_xor_,function
Tensor.broadcast_to,function
addmm,function
acosh,function
Tensor.sum_to_size,function
isclose,function
Tensor.asinh_,function
Tensor.less,function
signbit,function
Tensor.tensor_split,function
xlogy,function
Tensor.inner,function
Tensor.unfold,function
Tensor.storage_type,function
Tensor.scatter_add_,function
Tensor.ger,function
Tensor.geometric_,function
eq,function
renorm,function
Tensor.not_equal_,function
Tensor.where,function
Tensor.trace,function
Tensor.sign_,function
Tensor.zero_,function
Tensor.ormqr,function
Tensor.addbmm,function
Tensor.triangular_solve,function
Tensor.equal,function
min,function
Tensor.bitwise_or_,function
Tensor.sign,function
Tensor.lstsq,function
erf,function
matmul,function
Tensor.log_normal_,function
Tensor.sub,function
ceil,function
Tensor.masked_select,function
expm1,function
Tensor.rsqrt_,function
triangular_solve,function
median,function
bitwise_right_shift,function
Tensor.get_device,function
Tensor.copy_,function
Tensor.scatter_,function
orgqr,function
Tensor.square,function
cummin,function
fmax,function
Tensor.clamp,function
Tensor.log10_,function
Tensor.multinomial,function
Tensor.atanh_,function
adjoint,function
Tensor.clamp_,function
Tensor.round_,function
Tensor.index_copy,function
Tensor.lgamma_,function
Tensor.lt_,function
Tensor.lt,function
Tensor.igamma_,function
Tensor.tile,function
Tensor.rot90,function
resolve_conj,function
Tensor.vsplit,function
Tensor.cholesky,function
Tensor.logical_not_,function
Tensor.bitwise_and_,function
Tensor.subtract_,function
Tensor.sigmoid_,function
Tensor.argmin,function
Tensor.arccosh,function
Tensor.q_zero_point,function
Tensor.cauchy_,function
Tensor.transpose,function
Tensor.var,function
Tensor.triu_,function
Tensor.adjoint,function
Tensor.cholesky_solve,function
fmod,function
Tensor.acosh,function
igamma,function
roll,function
Tensor.char,function
Tensor.positive,function
Tensor.inverse,function
histogram,function
Tensor.storage,function
Tensor.reshape,function
Tensor.float,function
Tensor.float_power,function
diagflat,function
transpose,function
isinf,function
Tensor.arcsinh_,function
diagonal,function
divide,function
Tensor.i0_,function
Tensor.addr_,function
mv,function
Tensor.matrix_power,function
Tensor.scatter_add,function
amin,function
Tensor.to_sparse,function
Tensor.map_,function
Tensor.dequantize,function
Tensor.nanmedian,function
select,function
Tensor.fmin,function
Tensor.log,function
outer,function
logdet,function
bincount,function
Tensor.cdouble,function
Tensor.div,function
cross,function
atan,function
ne,function
lgamma,function
Tensor.arctan,function
Tensor.fill_,function
Tensor.q_per_channel_zero_points,function
Tensor.hardshrink,function
isfinite,function
Tensor.bitwise_or,function
Tensor.bfloat16,function
remainder,function
Tensor.sinc_,function
sum,function
Tensor.select_scatter,function
Tensor.less_equal,function
Tensor.view_as,function
cholesky_inverse,function
Tensor.flipud,function
Tensor.detach_,function
take,function
Tensor.arcsin,function
Tensor.nanmean,function
copysign,function
stft,function
logical_and,function
Tensor.ne,function
Tensor.orgqr,function
addbmm,function
bitwise_and,function
Tensor.nan_to_num,function
Tensor.erf,function
Tensor.polygamma_,function
Tensor.tanh_,function
Tensor.gcd_,function
Tensor.ceil,function
Tensor.mvlgamma_,function
Tensor.movedim,function
arccos,function
histc,function
Tensor.argmax,function
hsplit,function
Tensor.atan,function
positive,function
Tensor.diagonal,function
Tensor.sort,function
ge,function
Tensor.addmv,function
Tensor.negative_,function
inverse,function
Tensor.log2_,function
lt,function
moveaxis,function
Tensor.absolute,function
cumsum,function
Tensor.logdet,function
mean,function
Tensor.nansum,function
linalg.matrix_power,function
kthvalue,function
Tensor.kthvalue,function
Tensor.mm,function
Tensor.get_device,function
Tensor.zero_,function
cuda.set_device,function
is_complex,function
cuda.current_device,function
is_floating_point,function
Tensor.reshape_as,function
Tensor.unfold,function
Tensor.unsqueeze,function
Tensor.t,function
Tensor.permute,function
Tensor.squeeze,function
Tensor.indices,function
Tensor.vsplit,function
Tensor.expand_as,function
Tensor.movedim,function
Tensor.chunk,function
Tensor.narrow,function
Tensor.split,function
Tensor.contiguous,function
Tensor.hsplit,function
Tensor.swapaxes,function
Tensor.flatten,function
Tensor.expand,function
Tensor.transpose,function
Tensor.diagonal,function
Tensor.select,function
Tensor.detach,function
Tensor.adjoint,function
Tensor.unbind,function
Tensor.values,function
Tensor.view_as,function
Tensor.reshape,function
Tensor.add,function
Tensor.swapdims,function
Tensor.as_strided,function
Tensor.tensor_split,function
Tensor.view,function
nn.functional.binary_cross_entropy_with_logits,function
nn.functional.binary_cross_entropy,function
nn.DataParallel,class
nn.parallel.DistributedDataParallel,class
nn.BCELoss,class
nn.BCEWithLogitsLoss,class
Tensor.backward,function
autograd.gradcheck,function
staticFunction.backward,function
staticFunction.jvp,function
zeros,function
autograd.functional.jacobian,function
profile.export_chrome_trace,function
FunctionCtx.save_for_backward,function
FunctionCtx.set_materialize_grads,function
staticFunction.forward,function
autograd.forward_ad.unpack_dual,function
autograd.functional.hvp,function
FunctionCtx.mark_dirty,function
autograd.functional.vjp,function
autograd.functional.jvp,function
randn,function
FunctionCtx.mark_non_differentiable,function
profile.key_averages,function
autograd.inference_mode,class
profile.total_average,function
autograd.backward,function
autograd.set_grad_enabled,class
autograd.gradgradcheck,function
autograd.profiler.load_nvprof,function
autograd.grad,function
autograd.functional.vhp,function
ones,function
autograd.forward_ad.make_dual,function
autograd.functional.hessian,function
autograd.profiler.load_nvprof,function
cuda.set_per_process_memory_fraction,function
cuda.get_device_name,function
cuda.nvtx.range_push,function
cuda.reset_peak_memory_stats,function
cuda.device_of,class
cuda.device,class
cuda.is_initialized,function
cuda.set_device,function
cuda.get_device_properties,function
cuda.manual_seed,function
cuda.seed_all,function
cuda.reset_max_memory_cached,function
cuda.current_device,function
cuda.max_memory_allocated,function
cuda.graph_pool_handle,function
cuda.max_memory_cached,function
cuda.memory_summary,function
cuda.current_stream,function
cuda.default_stream,function
cuda.get_gencode_flags,function
cuda.mem_get_info,function
cuda.device_count,function
cuda.get_rng_state,function
cuda.comm.broadcast_coalesced,function
cuda.reset_max_memory_allocated,function
cuda.make_graphed_callables,function
cuda.memory_stats,function
cuda.is_available,function
cuda.is_current_stream_capturing,function
cuda.list_gpu_processes,function
cuda.memory_cached,function
cuda.can_device_access_peer,function
cuda.set_stream,function
cuda.ExternalStream,class
cuda.max_memory_reserved,function
cuda.init,function
cuda.caching_allocator_alloc,function
cuda.comm.reduce_add,function
cuda.StreamContext,class
cuda.memory_usage,function
cuda.comm.gather,function
cuda.current_blas_handle,function
cuda.initial_seed,function
cuda.memory_reserved,function
cuda.comm.broadcast,function
cuda.caching_allocator_delete,function
cuda.nvtx.mark,function
cuda.nvtx.range_pop,function
cuda.synchronize,function
cuda.get_rng_state_all,function
cuda.get_arch_list,function
cuda.set_sync_debug_mode,function
cuda.get_device_capability,function
cuda.utilization,function
cuda.set_rng_state,function
cuda.memory_snapshot,function
cuda.manual_seed_all,function
cuda.graph,class
cuda.comm.scatter,function
cuda.Stream,class
cuda.memory_allocated,function
cuda.Event,class
cuda.Stream,class
cuda.seed,function
cuda.ipc_collect,function
cuda.empty_cache,function
cuda.get_sync_debug_mode,function
cuda.set_rng_state_all,function
cuda.jiterator._create_jit_fn,function
linalg.inv,function
linalg.eigh,function
lu,function
linalg.inv_ex,function
linalg.qr,function
cholesky_inverse,function
linalg.svd,function
are_deterministic_algorithms_enabled,function
use_deterministic_algorithms,function
cholesky_solve,function
linalg.cholesky,function
linalg.cholesky_ex,function
cuda.jiterator._create_jit_fn,function
nn.parallel.DistributedDataParallel,class
nn.DataParallel,class
Optimizer.state_dict,function
nn.parallel.DistributedDataParallel,class
Optimizer.step,function
Tensor.reshape,function
cat,function
stack,function
multinomial,function
Tensor.expand,function
fft.rfft2,function
fft.rfft,function
fft.hfftn,function
fft.fftn,function
fft.fft,function
fft.ifft,function
fft.fftshift,function
fft.rfftfreq,function
fft.ihfftn,function
fft.fftfreq,function
fft.irfft2,function
fft.hfft,function
fft.rfftn,function
fft.ihfft2,function
fft.irfftn,function
fft.ifft2,function
fft.ihfft,function
fft.ifftshift,function
fft.fft2,function
fft.hfft2,function
fft.ifftn,function
fft.irfft,function
fft.ifftshift,function
add,function
mul,function
allclose,function
jit.Attribute,class
jit.script,function
jit.isinstance,function
jit.trace,function
jit.script_if_tracing,function
jit.onednn_fusion_enabled,function
jit.set_fusion_strategy,function
jit.wait,function
jit.enable_onednn_fusion,function
jit.fork,function
jit.unused,function
jit.save,function
jit.ignore,function
jit.annotate,function
jit.load,function
jit.optimize_for_inference,function
jit.trace_module,function
jit.freeze,function
diagonal,function
linalg.tensorinv,function
linalg.matrix_rank,function
linalg.lu_factor_ex,function
linalg.multi_dot,function
linalg.lu,function
linalg.cholesky_ex,function
linalg.lstsq,function
linalg.inv_ex,function
linalg.qr,function
linalg.eig,function
linalg.solve,function
linalg.tensorsolve,function
linalg.vector_norm,function
linalg.matrix_norm,function
linalg.ldl_factor,function
linalg.matrix_exp,function
linalg.diagonal,function
linalg.lu_factor,function
linalg.ldl_solve,function
linalg.slogdet,function
linalg.eigh,function
linalg.cond,function
linalg.inv,function
linalg.eigvalsh,function
linalg.ldl_factor_ex,function
linalg.eigvals,function
linalg.cross,function
matmul,function
linalg.det,function
linalg.solve_triangular,function
linalg.vander,function
linalg.householder_product,function
linalg.norm,function
linalg.matmul,function
linalg.matrix_power,function
linalg.svd,function
linalg.pinv,function
tensordot,function
linalg.cholesky,function
linalg.svdvals,function
linalg.ldl_solve,function
log1p,function
round,function
logsumexp,function
save,function
Tensor.detach,function
Tensor.item,function
jit.script,function
jit.trace,function
onnx.SymbolicContext,class
optim.lr_scheduler.ConstantLR,class
Optimizer.load_state_dict,function
optim.lr_scheduler.CosineAnnealingWarmRestarts,class
optim.lr_scheduler.OneCycleLR,class
optim.RMSprop,class
optim.lr_scheduler.StepLR,class
optim.lr_scheduler.SequentialLR,class
optim.lr_scheduler.LinearLR,class
optim.lr_scheduler.ChainedScheduler,class
Optimizer.add_param_group,function
optim.Adam,class
Optimizer.step,function
onnx.SymbolicContext,class
optim.lr_scheduler.ReduceLROnPlateau,class
optim.Rprop,class
optim.Adagrad,class
optim.lr_scheduler.LambdaLR,class
optim.SparseAdam,class
optim.AdamW,class
optim.lr_scheduler.MultiplicativeLR,class
optim.ASGD,class
optim.Adamax,class
optim.NAdam,class
optim.SGD,class
optim.lr_scheduler.ExponentialLR,class
optim.Adadelta,class
optim.lr_scheduler.CosineAnnealingLR,class
optim.RAdam,class
optim.lr_scheduler.CyclicLR,class
Optimizer.zero_grad,function
optim.lr_scheduler.MultiStepLR,class
Optimizer.state_dict,function
optim.LBFGS,class
linspace,function
view_as_real,function
logspace,function
arange,function
abs,function
svd,function
matmul,function
mv,function
optim.lr_scheduler.CosineAnnealingWarmRestarts,class
angle,function
view_as_complex,function
nn.parallel.DistributedDataParallel,class
nn.parallel.DistributedDataParallel,class
nn.Sequential,class
quantization.QuantStub,class
quantization.DeQuantStub,class
quantization.fuse_modules,class
add,function
optim.SGD,class
optim.Adagrad,class
Tensor.log1p,function
index_select,function
zeros,function
Tensor.floor_divide_,function
Tensor.zero_,function
is_nonzero,function
Tensor.sub_,function
sparse.sum,function
Tensor.size,function
Tensor.sparse_mask,function
is_tensor,function
Tensor.resize_as_,function
Tensor.floor_divide,function
matmul,function
Tensor.sub,function
Tensor.rad2deg,function
hstack,function
Tensor.sspaddmm,function
Tensor.get_device,function
Tensor.any,function
Tensor.mul_,function
Tensor.square,function
empty_like,function
Tensor.negative,function
svd_lowrank,function
Tensor.add_,function
Tensor.t_,function
Tensor.t,function
Tensor.asin_,function
vstack,function
Tensor.sparse_resize_and_clear_,function
pca_lowrank,function
Tensor.neg,function
Tensor.sparse_resize_,function
Tensor.dim,function
Tensor.transpose,function
zeros_like,function
Tensor.narrow_copy,function
cat,function
smm,function
bmm,function
Tensor.values,function
sparse.sampled_addmm,function
sparse_csr_tensor,function
sspaddmm,function
Tensor.addmm_,function
mv,function
Tensor.is_coalesced,function
Tensor.to_sparse,function
select,function
mm,function
Tensor.div,function
Tensor.detach,function
lobpcg,function
unsqueeze,function
Tensor.asin,function
Tensor.isnan,function
Tensor.mv,function
Tensor.pow,function
Tensor.sparse_dim,function
Tensor.add,function
empty,function
Tensor.transpose_,function
sparse.addmm,function
Tensor.detach_,function
Tensor.clone,function
Tensor.arcsin,function
Tensor.sqrt,function
Tensor.addmm,function
dstack,function
sparse.mm,function
stack,function
Tensor.indices,function
Tensor.log1p_,function
Tensor.numel,function
Tensor.div_,function
is_floating_point,function
Tensor.dense_dim,function
sparse.softmax,function
Tensor.to_dense,function
Tensor.arcsin_,function
hspmm,function
Tensor.negative_,function
Tensor.smm,function
Tensor.bmm,function
Tensor.mul,function
addmm,function
Tensor.index_select,function
sparse.log_softmax,function
sparse_coo_tensor,function
Tensor.neg_,function
is_complex,function
Tensor.coalesce,function
Tensor.mm,function
Tensor.deg2rad,function
sparse.log_softmax,function
get_default_dtype,function
Tensor.qscheme,function
promote_types,function
Tensor.dequantize,function
as_tensor,function
autograd.backward,function
nn.Sequential,class
autograd.grad,function
nn.parallel.DistributedDataParallel,class
initial_seed,function
get_default_dtype,function
Tensor.permute,function
zeros,function
save,function
nn.functional.relu,function
randn,function
nn.functional.softmax,function
Tensor.flatten,function
Tensor.dim,function
tensor,function
nn.functional.sigmoid,function
rand,function
load,function
nn.functional.log_softmax,function
Tensor.reshape,function
nn.functional.dropout,function
empty,function
nn.functional.tanh,function
ones,function
Tensor.view,function
exp,function
Tensor.erfinv,function
Tensor.log1p,function
tanh,function
deg2rad,function
any,function
Tensor.resize_,function
Tensor.is_contiguous,function
sin,function
Tensor.sin_,function
cumprod,function
Tensor.sum,function
zeros,function
Tensor.squeeze,function
eq,function
Tensor.register_hook,function
reciprocal,function
Tensor.bernoulli,function
tan,function
Tensor.ndimension,function
Tensor.cos_,function
Tensor.sign_,function
Tensor.zero_,function
Tensor.sub_,function
Tensor.is_signed,function
erfc,function
Tensor.masked_fill,function
sgn,function
Tensor.index_fill,function
Tensor.mode,function
logical_not,function
Tensor.cuda,function
Tensor.flatten,function
Tensor.round,function
Tensor.size,function
Tensor.stride,function
Tensor.byte,function
is_tensor,function
Tensor.sign,function
clamp,function
Tensor.ceil_,function
Tensor.cumsum,function
Tensor.exponential_,function
Tensor.is_floating_point,function
Tensor.resize_as_,function
erf,function
log10,function
Tensor.log_normal_,function
matmul,function
Tensor.sub,function
all,function
Tensor.expm1_,function
pow,function
Tensor.bool,function
Tensor.bitwise_not_,function
ceil,function
expm1,function
Tensor.masked_select,function
Tensor.rad2deg,function
log1p,function
rand,function
median,function
Tensor.atan_,function
Tensor.get_device,function
Tensor.copy_,function
Tensor.any,function
Tensor.digamma,function
empty_like,function
Tensor.mul_,function
Tensor.is_pinned,function
cos,function
Tensor.clamp,function
Tensor.cosh,function
Tensor.log10_,function
sign,function
Tensor.floor,function
prod,function
sqrt,function
Tensor.atanh_,function
Tensor.add_,function
Tensor.int,function
round,function
Tensor.clamp_,function
Tensor.acos,function
Tensor.round_,function
Tensor.sgn_,function
Tensor.type,function
Tensor.t,function
Tensor.asin_,function
Tensor.atanh,function
Tensor.reciprocal_,function
Tensor.cumprod,function
Tensor.prod,function
Tensor.lt,function
Tensor.all,function
Tensor.trunc_,function
Tensor.frac_,function
Tensor.logical_not_,function
Tensor.long,function
mul,function
Tensor.floor_,function
Tensor.sigmoid_,function
Tensor.median,function
Tensor.split,function
randn,function
Tensor.neg,function
Tensor.cauchy_,function
Tensor.dim,function
Tensor.le,function
Tensor.transpose,function
Tensor.select,function
Tensor.var,function
Tensor.topk,function
Tensor.acosh,function
atanh,function
Tensor.abs_,function
Tensor.reciprocal,function
unbind,function
Tensor.matmul,function
Tensor.addmv_,function
Tensor.char,function
Tensor.log2,function
Tensor.exp,function
Tensor.requires_grad_,function
log2,function
Tensor.sinh,function
normal,function
Tensor.tan,function
Tensor.double,function
le,function
numel,function
Tensor.frac,function
Tensor.bitwise_not,function
Tensor.half,function
Tensor.element_size,function
cat,function
Tensor.type_as,function
Tensor.float,function
bmm,function
ones,function
std,function
erfinv,function
transpose,function
Tensor.std,function
Tensor.asinh,function
Tensor.tan_,function
Tensor.index_fill_,function
Tensor.gt,function
Tensor.cosh_,function
Tensor.tanh,function
Tensor.addmm_,function
cosh,function
mv,function
trunc,function
Tensor.random_,function
Tensor.exp_,function
Tensor.abs,function
Tensor.to,function
add,function
gt,function
Tensor.log10,function
floor,function
Tensor.dot,function
Tensor.uniform_,function
Tensor.nanmedian,function
squeeze,function
select,function
Tensor.log,function
mm,function
Tensor.erfinv_,function
log,function
Tensor.sqrt_,function
Tensor.bernoulli_,function
asinh,function
Tensor.div,function
Tensor.detach,function
topk,function
logsumexp,function
Tensor.cpu,function
atan,function
acos,function
Tensor.expm1,function
ne,function
Tensor.pow_,function
Tensor.asin,function
Tensor.fill_,function
Tensor.unbind,function
frac,function
bernoulli,function
Tensor.cos,function
Tensor.rsqrt,function
Tensor.mv,function
sub,function
Tensor.pow,function
Tensor.log_,function
Tensor.bfloat16,function
chunk,function
rad2deg,function
sum,function
abs,function
Tensor.erfc,function
Tensor.item,function
Tensor.add,function
empty,function
Tensor.sin,function
Tensor.logsumexp,function
Tensor.detach_,function
Tensor.is_shared,function
Tensor.acos_,function
Tensor.addmm,function
Tensor.normal_,function
Tensor.sinh_,function
Tensor.sqrt,function
std_mean,function
Tensor.ne,function
Tensor.data_ptr,function
mode,function
Tensor.erfc_,function
Tensor.erf,function
Tensor.log1p_,function
Tensor.numel,function
Tensor.tanh_,function
nanmedian,function
Tensor.masked_fill_,function
Tensor.mean,function
Tensor.acosh_,function
atan2,function
sigmoid,function
flatten,function
Tensor.ceil,function
Tensor.div_,function
Tensor.atan2,function
Tensor.chunk,function
is_floating_point,function
bitwise_not,function
Tensor.eq,function
Tensor.narrow,function
rsqrt,function
digamma,function
neg,function
Tensor.expand,function
tensor,function
masked_select,function
Tensor.atan,function
Tensor.digamma_,function
Tensor.trunc,function
var_mean,function
Tensor.sigmoid,function
dot,function
Tensor.short,function
ge,function
Tensor.addmv,function
asin,function
manual_seed,function
sinh,function
var,function
Tensor.bmm,function
Tensor.log2_,function
addmm,function
Tensor.ge,function
Tensor.mul,function
lt,function
Tensor.atan2_,function
Tensor.erf_,function
acosh,function
narrow,function
Tensor.logical_not,function
split,function
addmv,function
Tensor.neg_,function
Tensor.asinh_,function
mean,function
cumsum,function
Tensor.rsqrt_,function
kthvalue,function
div,function
Tensor.sgn,function
Tensor.kthvalue,function
Tensor.mm,function
Tensor.deg2rad,function
