tf.layer_call_wrapper,tests
tf.__main__.TestDeferredSequential,tests
tf.has_symbolic_tensors,tests
tf.concatenate,tests
tf.__main__.CategoryEncodingInputTest,tests
tf.cosine_decay_restarts,tests
tf.__main__.IntegerLookupSavingTest,tests
tf.is_keras_tensor,tests
tf.ragged_assert_compatible_and_get_flat_values,tests
tf._deduplicate_indexed_slices,tests
tf._replace_child_layer_functions,tests
tf.simple_models_with_strategies,tests
tf.__main__.TestBuildCustomModel,tests
tf.tensorflow.python.keras.initializers.initializers_v2.Ones,tests
tf.l2_normalize_v2,tests
tf.__main__.TestBigModelRevive,tests
tf.__main__.MaskingTest,tests
tf.__main__.EmbeddingTest,tests
tf.__main__.TestFunctionTracing,tests
tf.tensorflow.python.keras.losses.LossFunctionWrapper,tests
tf.tensorflow.python.keras.regularizers.L2,tests
tf.tensorflow.python.keras.initializers.initializers_v2.GlorotNormal,tests
tf.__main__.ExtractModelMetricsTest,tests
tf.__main__.Conv3DTransposeTest,tests
tf.__main__.NetworkConstructionTest,tests
tf.__main__.CategoryCrossingDistributionTest,tests
tf.__main__.LinearModelTest,tests
tf._replace_ragged_with_flat_values,tests
tf.__main__.DictLayer,tests
tf.img_to_array,tests
tf.embedding_lookup_ragged,tests
tf.multi_worker_strategy_combinations_eager_only,tests
tf.__main__.IndexLookupOutputTest,tests
tf.get_locallyconnected_mask,tests
tf.convert_to_generator_like,tests
tf.__main__.LayerWithLoss,tests
tf.__main__.OptimizersCompatibilityTest,tests
tf.tensorflow.python.keras.optimizer_v2.learning_rate_schedule.NoisyLinearCosineDecay,tests
tf.apply_mask,tests
tf.parse_init_thresholds,tests
tf.__main__.TextVectorizationPreprocessingTest,tests
tf.__main__.AggregationTest,tests
tf.tensorflow.python.keras.layers.preprocessing.hashing.Hashing,tests
tf.tensorflow.python.keras.layers.core.Activation,tests
tf.__main__.MyLayer,tests
tf._get_data_for_simple_models,tests
tf.__main__.TestSequential,tests
tf.__main__.FeatureColumnsIntegrationTest,tests
tf.tensorflow.python.keras.losses.MeanSquaredError,tests
tf.tensorflow.python.keras.layers.rnn_cell_wrapper_v2.DeviceWrapper,tests
tf.__main__.RNNV2Test,tests
tf.__main__.WideDeepModelTest,tests
tf._get_random_features_initializer,tests
tf.tensorflow.python.keras.layers.rnn_cell_wrapper_v2.DropoutWrapper,tests
tf.exponential_decay,tests
tf.skip_failed_serialization,tests
tf.__main__.ArgLayer,tests
tf.cardinality,tests
tf.__main__.IndexLookupVocabularyTest,tests
tf.__main__.TrackableWeightHandlerTest,tests
tf.__main__.ConvSequentialTest,tests
tf.squared_hinge,tests
tf.strategies_for_embedding_models,tests
tf._get_default_scale,tests
tf.__main__.DenseFeaturesTest,tests
tf._validate_colocate_extended,tests
tf.__main__.SavedModelSaveAndLoadTest,tests
tf.__main__.CategoricalEncodingMultiOOVTest,tests
tf._analyze_einsum_string,tests
tf.canonicalize_signatures,tests
tf.disable_v2_dtype_behavior,tests
tf.graph_context_for_symbolic_tensors,tests
tf.__main__.LayerNormalizationTest,tests
tf.create_signature_map,tests
tf._enforce_names_consistency,tests
tf._check_table_dtypes,tests
tf.pop_tape,tests
tf.convert_to_tensor_or_ragged_tensor,tests
tf._as_text,tests
tf._remove_file,tests
tf.layer_call_wrapper,tests
tf._with_space_to_batch_adjust,tests
tf.__main__.TestDeferredSequential,tests
tf.generate_vocab_remapping_eager_fallback,tests
tf.new_tf_operations,tests
tf._escape_local_name,tests
tf.write_raw_pb,tests
tf.get_func_code,tests
tf.broadcast_weights,tests
tf.as_dimension,tests
tf._convert_numpy_or_python_types,tests
tf.tensorflow.python.ops.linalg.linear_operator_algebra.RegisterInverse,tests
tf.has_symbolic_tensors,tests
tf.concatenate,tests
tf._build_map_helper,tests
tf.broadcast_dynamic_shape,tests
tf.fifo_queue_v2,tests
tf.softmax_cross_entropy_with_logits_v2,tests
tf.sharded_filespec,tests
tf.context_safe,tests
tf.get_update_replica_id,tests
tf.keys,tests
tf._find_index_of_defining_frame,tests
tf._get_slurm_var,tests
tf.assert_equal,tests
tf.__main__.CategoryEncodingInputTest,tests
tf.conv2d_backprop_input,tests
tf.int_,tests
tf.fractional_avg_pool_eager_fallback,tests
tf.cosine_decay_restarts,tests
tf.parse_ranges_highlight,tests
tf.int_output,tests
tf.make_template,tests
tf.shape_n,tests
tf.__main__.IntegerLookupSavingTest,tests
tf.index_to_string_table_from_tensor,tests
tf._constant_impl,tests
tf.from_compatible_tensor_list,tests
tf.depthwise_conv2d_native_backprop_filter,tests
tf._split_cluster_for_evaluator,tests
tf.batch_mat_mul_v2,tests
tf.is_keras_tensor,tests
tf.ragged_assert_compatible_and_get_flat_values,tests
tf._deduplicate_indexed_slices,tests
tf.__main__.SampleFromDatasetsSerializationTest,tests
tf.float_,tests
tf._dtype_to_spec,tests
tf.GetTempDir,tests
tf._sort_or_argsort,tests
tf.print_v2,tests
tf.tensorflow.python.keras.initializers.initializers_v2.GlorotUniform,tests
tf.hamming_window,tests
tf._replace_child_layer_functions,tests
tf.parse_message,tests
tf._most_general_compatible_type,tests
tf.simple_models_with_strategies,tests
tf.__main__.TestBuildCustomModel,tests
tf.keras_mode_combinations,tests
tf.add_function,tests
tf.inplace_update_eager_fallback,tests
tf.placeholder_with_default_eager_fallback,tests
tf._slice_eager_fallback,tests
tf.is_in_allowlist_cache,tests
tf.prod,tests
tf._node_name,tests
tf._compute_fans,tests
tf.__main__.MatchingFilesDatasetSerializationTest,tests
tf.list_append,tests
tf._product,tests
tf.tensorflow.python.keras.initializers.initializers_v2.Ones,tests
tf._process_tensorlike,tests
tf._get_dtype_from_nested_lists,tests
tf.__main__.SingleReturnTest,tests
tf.l2_normalize_v2,tests
tf.conjugate_gradient,tests
tf.__main__.TestBigModelRevive,tests
tf.__main__.MaskingTest,tests
tf.tensor_summary_v2,tests
tf.__main__.EmbeddingTest,tests
tf.__main__.TestFunctionTracing,tests
tf.sparse_tensor_dense_mat_mul,tests
tf.broadcast_to_eager_fallback,tests
tf._truediv_python3,tests
tf.isclass,tests
tf.num_gpus,tests
tf.are_all_symbolic_tensors,tests
tf.assert_input_compatibility,tests
tf.tensorflow.python.keras.losses.LossFunctionWrapper,tests
tf.tensorflow.python.keras.regularizers.L2,tests
tf.tensorflow.python.keras.initializers.initializers_v2.GlorotNormal,tests
tf.is_mirrored,tests
tf.__main__.NonQuantizedPrecisionsWithRangesTest,tests
tf.get_structure,tests
tf.clip_by_global_norm,tests
tf.disable_resource_variables,tests
tf.select_data_adapter,tests
tf.__main__.ExtractModelMetricsTest,tests
tf.assert_no_entries_with_modulus_zero,tests
tf.get_canonical_name,tests
tf.__main__.WhileLoopTest,tests
tf.__main__.Conv3DTransposeTest,tests
tf.from_variant,tests
tf.__main__.NetworkConstructionTest,tests
tf._assert_is_supported_ragged_values_type,tests
tf.__main__.CategoryCrossingDistributionTest,tests
tf.fn_args,tests
tf.tf_output,tests
tf.pack_sequence_as,tests
tf._py_len,tests
tf._get_current_tf_device,tests
tf.shuffle_dataset_v3,tests
tf._as_device_str_or_none,tests
tf._infer_type,tests
tf.ceil,tests
tf.rich_text_lines_from_rich_line_list,tests
tf.assert_array_lines_close,tests
tf.__main__.LinearModelTest,tests
tf._replace_ragged_with_flat_values,tests
tf.handle_partial_sample_weights,tests
tf.monitored_timer,tests
tf.convert_nonref_to_tensor,tests
tf.executor_scope,tests
tf.softmax_cross_entropy_with_logits_v2_helper,tests
tf.unique_eager_fallback,tests
tf.to_numpy_or_python_type,tests
tf.__main__.DictLayer,tests
tf.bincount,tests
tf.get_legacy_output_shapes,tests
tf._should_cache,tests
tf.error,tests
tf.img_to_array,tests
tf.embedding_lookup_ragged,tests
tf.all_reduce,tests
tf.remove_op_callback,tests
tf.reduce_mean,tests
tf.resource_scatter_nd_sub,tests
tf.get_current_replica_id_as_int,tests
tf.multi_worker_strategy_combinations_eager_only,tests
tf.stateless_random_uniform_full_int,tests
tf.list_pop,tests
tf._sparse_cross_internval_v2,tests
tf.get_collection_ref,tests
tf._static_check_for_broadcastable_batch_shape,tests
tf.depthwise_conv2d_native_backprop_input,tests
tf.parse_entity,tests
tf.__main__.IndexLookupOutputTest,tests
tf._v2_function_and_kerastensors_test,tests
tf._as_str_or_none,tests
tf.__main__.RankTwoTest,tests
tf.get_locallyconnected_mask,tests
tf._to_numpy,tests
tf.padding_fifo_queue_v2,tests
tf.skip_dataset,tests
tf._registered_adjoint,tests
tf.convert_to_generator_like,tests
tf.import_graph_def,tests
tf.imperative_grad,tests
tf.swap_class,tests
tf.lookup_table_find_v2,tests
tf.__main__.FromTensorSlicesSerializationTest,tests
tf.__main__.LayerWithLoss,tests
tf._eager_py_func,tests
tf.__main__.TakeDatasetSerializationTest,tests
tf.decode_raw,tests
tf.create_meta_graph_def,tests
tf.pick_unused_port,tests
tf.id_in_cluster,tests
tf._MatMulGradAgainstFirstOnly,tests
tf._descending_sort,tests
tf.__main__.OptimizersCompatibilityTest,tests
tf.tensorflow.python.keras.optimizer_v2.learning_rate_schedule.NoisyLinearCosineDecay,tests
tf.apply_mask,tests
tf._expand_ellipsis,tests
tf.run_without_tensor_float_32,tests
tf.reduced_shape,tests
tf.memory_profiler_is_available,tests
tf.parse_init_thresholds,tests
tf.__main__.ConstDataInputMultipleEnginesTest,tests
tf._einsum_v2_parse_and_resolve_equation,tests
tf.experimental_set_strategy,tests
tf.hash_table_v2,tests
tf.__main__.TextVectorizationPreprocessingTest,tests
tf._make_specific_exception,tests
tf.current,tests
tf._call_partitioner,tests
tf.__main__.AggregationTest,tests
tf._get_per_thread_mode,tests
tf.tensorflow.python.keras.layers.preprocessing.hashing.Hashing,tests
tf.tensorflow.python.keras.layers.core.Activation,tests
tf.is_variable_initialized,tests
tf.clip_by_average_norm,tests
tf.assert_type,tests
tf.select_v2,tests
tf.depthwise_conv2d_native,tests
tf.filter_,tests
tf._FusedBatchNormGradGrad,tests
tf._ConstantValue,tests
tf._transpose_batch_time,tests
tf.is_unsupported,tests
tf.__main__.MyLayer,tests
tf._increase_ragged_rank_to,tests
tf.experimental_non_serializable_dataset,tests
tf._run_using_default_session,tests
tf.quick_execute,tests
tf._get_data_for_simple_models,tests
tf.add_v2,tests
tf.file_exists_v2,tests
tf.squeeze_eager_fallback,tests
tf.validate_slicing_string,tests
tf.reverse_sequence,tests
tf.and_,tests
tf.angle,tests
tf._global_report_benchmark,tests
tf.__main__.TestSequential,tests
tf.assert_splits_match,tests
tf._sum_states,tests
tf.assert_shallow_structure,tests
tf._has_nchw_support,tests
tf.write_summary,tests
tf._make_indexed_slices_indices_types_match,tests
tf.__main__.FeatureColumnsIntegrationTest,tests
tf.tensorflow.python.keras.losses.MeanSquaredError,tests
tf._is_current_explicit_device,tests
tf.tensorflow.python.keras.layers.rnn_cell_wrapper_v2.DeviceWrapper,tests
tf.__main__.RemoteSingleWorkerMirroredStrategyEager,tests
tf.__main__.RNNV2Test,tests
tf._get_target_to_initial_ratio,tests
tf.set_stats_aggregator_dataset,tests
tf._next_csv_row,tests
tf.__main__.WideDeepModelTest,tests
tf._get_random_features_initializer,tests
tf.multinomial,tests
tf.reverse_v2_eager_fallback,tests
tf.avg_pool3d,tests
tf.tensorflow.python.keras.layers.rnn_cell_wrapper_v2.DropoutWrapper,tests
tf.exponential_decay,tests
tf.boolean_mask,tests
tf.enable_tensor_equality,tests
tf.apply_op,tests
tf.skip_failed_serialization,tests
tf._is_py2_name_constant,tests
tf._v2_eager_test,tests
tf.multiply,tests
tf._ndtri,tests
tf.__main__.ArgLayer,tests
tf.tensorflow.python.ops.script_ops.FuncRegistry,tests
tf.reduce_join,tests
tf.get_shapes,tests
tf.__main__.TakeWhileDatasetSerializationTest,tests
tf.unique_with_counts,tests
tf.convert_data_format,tests
tf.get_num_gpus,tests
tf.parse_example_dataset_v2_eager_fallback,tests
tf.sparse_softmax,tests
tf.cardinality,tests
tf.max_pool3d_eager_fallback,tests
tf.__main__.IndexLookupVocabularyTest,tests
tf._tensor_shape_tensor_conversion_function,tests
tf.assert_less_equal,tests
tf._static_check_for_same_dimensions,tests
tf.assert_cardinality_dataset,tests
tf.remove_squeezable_dimensions,tests
tf.set_verbosity,tests
tf.__main__.TrackableWeightHandlerTest,tests
tf._symbolic_dimension_sizes,tests
tf.__main__.ConvSequentialTest,tests
tf.auto_shard_dataset,tests
tf._py_not,tests
tf.is_none_or_empty,tests
tf.copy_tensor_or_indexed_slices_to_device,tests
tf._num_elements,tests
tf._bucketize,tests
tf.squared_hinge,tests
tf._py_lazy_or,tests
tf.__main__.Conv2DNHWCTest,tests
tf._get_composite_tensor_spec,tests
tf.expand_dims,tests
tf.strategies_for_embedding_models,tests
tf._set_context,tests
tf.floor_div,tests
tf._get_session,tests
tf._get_default_scale,tests
tf.histogram,tests
tf.__main__.DenseFeaturesTest,tests
tf._sources_for_node,tests
tf._registered_inverse,tests
tf._autopacking_helper,tests
tf._generate_placeholder_string,tests
tf.bias_add,tests
tf._get_resource_inputs,tests
tf.get_tensor_spec,tests
tf._as_int_or_none,tests
tf.assert_zero_imag_part,tests
tf._get_num_nvidia_gpus,tests
tf._registered_function,tests
tf.count_nonzero_v2,tests
tf._append_sparse_tensor_value,tests
tf._padded_shape_to_tensor,tests
tf._validate_colocate_extended,tests
tf.fused_batch_norm_grad_v3,tests
tf.is_in_keras_graph,tests
tf.random_uniform,tests
tf.__main__.LegacyRebatchDatasetSerializationTest,tests
tf.traceback_files_common_prefix,tests
tf.text_line_dataset,tests
tf.mutable_hash_table_v2,tests
tf.__main__.SavedModelSaveAndLoadTest,tests
tf.tensor_list_get_item,tests
tf.unstack,tests
tf.__main__.CategoricalEncodingMultiOOVTest,tests
tf.ensure_initialized,tests
tf.lookup_table_size_v2,tests
tf.__main__.NeighboringEngineTest,tests
tf.sparse_reorder,tests
tf.add_eager_fallback,tests
tf.serialize_sparse_v2,tests
tf.is_directory_v2,tests
tf.matrix_triangular_solve,tests
tf.__main__.MirroredOneDeviceDistributionTest,tests
tf.is_in_eager_or_tf_function,tests
tf.zip_dataset,tests
tf.latency_stats_dataset,tests
tf._analyze_einsum_string,tests
tf.quantize_and_dequantize_v2,tests
tf.convert_to_tensor_v2,tests
tf.optional_param_to_tensor,tests
tf._augment_with_special_arguments,tests
tf.mutex_lock,tests
tf.canonicalize_signatures,tests
tf._check_not_tensor,tests
tf.resource_scatter_update,tests
tf._is_under_xla_context,tests
tf.partitioned_call,tests
tf.decode_csv,tests
tf._reduce_join_reduction_dims,tests
tf.disable_v2_dtype_behavior,tests
tf._find_scalar_and_max_depth,tests
tf.graph_context_for_symbolic_tensors,tests
tf._assert_rank_condition,tests
tf.remove_function_callback,tests
tf.__main__.LayerNormalizationTest,tests
tf.get_read_only_resource_input_indices_graph,tests
tf.adjoint,tests
tf._ragged_getitem,tests
tf.init_scope,tests
tf._find_shape_dtype,tests
tf.sum,tests
tf.variable_axis_size_partitioner,tests
tf.regex_find,tests
tf._Flatten,tests
tf.tridiagonal_matmul,tests
tf.get_strategy_and_replica_context,tests
tf._all_eager_fallback,tests
tf._get_critical_section_stack,tests
tf.top_k,tests
tf.__main__.CalibrationInt32Support,tests
tf._check_quantized,tests
tf.create_signature_map,tests
tf._enforce_names_consistency,tests
tf.shape_v2,tests
tf.__main__.TestImage,tests
tf._infer_matching_dtype,tests
tf.tensorflow.python.keras.optimizer_v2.learning_rate_schedule.CosineDecayRestarts,tests
tf.validate_dense_weights,tests
tf.to_snake_case,tests
tf.tensorflow.python.keras.losses.SparseCategoricalCrossentropy,tests
tf.save_context,tests
tf.tensorflow.python.keras.layers.kernelized.RandomFourierFeatures,tests
tf.save,tests
tf.worker_count,tests
tf.__main__.ForStatementTest,tests
tf.draw_bounding_boxes,tests
tf.dummy_iteration_counter,tests
tf.__main__.StringLookupSaveableTest,tests
tf.should_record_backprop,tests
tf._ProcessInputMapParam,tests
tf._tf_deterministic_ops,tests
tf.__main__.IntegerLookupLayerTest,tests
tf._mark_func_graph_as_unsaveable,tests
tf.sparse_dense_cwise_div,tests
tf._IsMap,tests
tf.tensorflow.python.eager.wrap_function.WrappedFunction,tests
tf._py_any,tests
tf.sparse_cross_hashed_eager_fallback,tests
tf.to_bool,tests
tf.set_synchronous_execution,tests
tf.assert_same_float_dtype,tests
tf.ignore_errors,tests
tf.in_cross_replica_context,tests
tf.required_space_to_batch_paddings,tests
tf.is_autograph_strict_conversion_mode,tests
tf.warn,tests
tf._is_module,tests
tf.shard_dataset,tests
tf.with_variable_store,tests
tf._get_processor,tests
tf.float_output_string_output,tests
tf.assign_add_variable_op,tests
tf.Print,tests
tf.defun_with_attributes,tests
tf.uncompress,tests
tf.matrix_transpose,tests
tf.__main__.CacheCorrectnessTest,tests
tf.__main__.VariablesTest,tests
tf.crelu,tests
tf.count_up_to,tests
tf.sigmoid,tests
tf.check_validation_split_arg,tests
tf._BatchGatherGrad,tests
tf.path_to_str,tests
tf.assign_sub,tests
tf._ragged_stack_concat_axis_1,tests
tf.prefetch_dataset,tests
tf.__main__.IndexLookupIntCombinerTest,tests
tf.decode_raw_eager_fallback,tests
tf.dummy_memory_cache,tests
tf.random_uniform_int,tests
tf._strip_leading_slashes,tests
tf._has_fully_defined_shape,tests
tf._as_name_list,tests
tf.evaluate_tensor_slice,tests
tf.tf_convert,tests
tf.sparse_reduce_sum_v2,tests
tf.sparse_retain,tests
tf.cast_losses_to_common_dtype,tests
tf.__main__.CustomTrainingLoopTest,tests
tf.audio_summary_v2_eager_fallback,tests
tf.__main__.SavedModelKerasModelTest,tests
tf.stateless_random_uniform_int_eager_fallback,tests
tf._get_base_dirpath,tests
tf.no_automatic_dependency_tracking_scope,tests
tf.reset_default_graph,tests
tf._tf_assert_stmt,tests
tf.get_model_from_layers,tests
tf.gradients_function,tests
tf.getimmediatesource,tests
tf.__main__.TopKOutputTypeTest,tests
tf.is_tpu_strategy,tests
tf._maybe_convert_labels,tests
tf.should_use_v2,tests
tf.call_context,tests
tf.tensorflow.python.eager.function.Function,tests
tf.stats_aggregator_handle_v2_eager_fallback,tests
tf.replace_as_expression,tests
tf._infer_column_names,tests
tf.index_directory,tests
tf.require_replica_context,tests
tf.get_read_write_resource_inputs,tests
tf.enter_or_assert_strategy,tests
tf.conv3d,tests
tf.tensorflow.python.ops.init_ops.Zeros,tests
tf._reset_build_compile_trackers,tests
tf._get_name,tests
tf._shared_name,tests
tf.sleep_dataset,tests
tf.mirror_pad_eager_fallback,tests
tf.defun,tests
tf.__main__.QuantizationMissingAllRangesTest,tests
tf.dataset_from_graph,tests
tf.index_to_string_table_from_file,tests
tf._GetFileAndLine,tests
tf.max,tests
tf.enable_v2_tensorshape,tests
tf.parse_time_interval,tests
tf.new_executor,tests
tf.is_all_none,tests
tf.dismantle_func_graph,tests
tf.variable_shape,tests
tf.cross,tests
tf.is_in_tf_function,tests
tf._packed_nest_with_indices,tests
tf._uint_to_int,tests
tf.stateless_random_binomial_eager_fallback,tests
tf._copy_row_shape,tests
tf.check_destinations,tests
tf.where,tests
tf._compute_device_summary_from_list,tests
tf._create_cluster,tests
tf.write_dirpath,tests
tf.disallow_legacy_graph,tests
tf.internal_convert_n_to_tensor_or_indexed_slices,tests
tf.tensorflow.python.ops.distributions.kullback_leibler.RegisterKL,tests
tf._get_defun_inputs_from_kwargs,tests
tf._flatten_outer_dims,tests
tf.generate_vocab_remapping,tests
tf.get_registered_kernels_for_op,tests
tf.shuffle_and_repeat_dataset,tests
tf.get_optimizer_jit,tests
tf._enter_graph,tests
tf.abs,tests
tf._transform_features_v2,tests
tf.__main__.PreprocessingStageTest,tests
tf.tensorflow.python.ops.template.EagerTemplate,tests
tf._py_sorted,tests
tf._import_graph_def_internal,tests
tf.__main__.CosineDecayTest,tests
tf._get_command_from_line_attr_segs,tests
tf.max_pool,tests
tf._lower_triangular_mask,tests
tf._require_cross_replica_or_default_context_extended,tests
tf.map_to_output_names,tests
tf.is_allowlisted,tests
tf._create_substitute_placeholder,tests
tf.matrix_diag,tests
tf._is_variable,tests
tf.saturate_cast,tests
tf.serialize_many_sparse,tests
tf.check_steps_argument,tests
tf._get_caller,tests
tf.tensorflow.python.ops.nn_ops._NonAtrousConvolution,tests
tf.to_variant,tests
tf.reshape,tests
tf._RightShift,tests
tf._validate_deprecation_args,tests
tf.deserialize_sparse_tensors,tests
tf.model_dataset,tests
tf.as_dense_types,tests
tf.get_uid,tests
tf.set_memory_growth,tests
tf.__main__.FixedLengthRecordDatasetSerializationTest,tests
tf._pop_a_match_at_tier,tests
tf.extract_glimpse,tests
tf.serialize,tests
tf._GetGradSource,tests
tf.batch_dataset_v2,tests
tf.list_all_layers,tests
tf.assert_rank_v2,tests
tf.pack,tests
tf.map_structure,tests
tf.__main__.IntegerLookupOutputTest,tests
tf.add_op_callback,tests
tf.__main__.TestCloneAndBuildModel,tests
tf._check_rnn_cell_input_dtypes,tests
tf.__main__.RescalingTest,tests
tf._attach_error_metadata,tests
tf._einsum_v2,tests
tf._ragged_stack_concat_helper,tests
tf.__main__.Conv2DTransposeTest,tests
tf.nth_element,tests
tf._reset_context,tests
tf.inverse_time_decay,tests
tf.map_,tests
tf.isbuiltin,tests
tf.fractional_avg_pool_v2,tests
tf.get_memory_usage,tests
tf.assert_scalar,tests
tf.__main__.KerasIntegrationTest,tests
tf.graph_mode,tests
tf.cast_to_floatx,tests
tf.tensor_summary,tests
tf.tensorflow.python.keras.optimizer_v2.learning_rate_schedule.PolynomialDecay,tests
tf.register_custom_device,tests
tf.legacy_snapshot,tests
tf.relu6,tests
tf.tensorflow.python.ops.init_ops.RandomNormal,tests
tf.global_step,tests
tf.check_alive,tests
tf.tensorflow.python.keras.constraints.UnitNorm,tests
tf._add_main_menu,tests
tf._fast_fill,tests
tf.__main__.CategoryCrossingTest,tests
tf.tensorflow.python.keras.losses.MeanAbsoluteError,tests
tf.tensorflow.python.keras.legacy_tf_layers.core.Dropout,tests
tf.strategy_minus_tpu_and_input_config_combinations_eager,tests
tf.to_dense,tests
tf._py_zip,tests
tf.quantize_and_dequantize_v4_eager_fallback,tests
tf.fractional_max_pool_grad,tests
tf.__main__.IntegerLookupVocabularyTest,tests
tf.make_fn,tests
tf._ragged_stack_concat_axis_0,tests
tf.run_all_without_tensor_float_32,tests
tf.stateless_random_normal,tests
tf.__main__.TextVectorizationOutputTest,tests
tf.__main__.CroppingTest,tests
tf.dont_use_multiprocessing_pool,tests
tf.sparse_segment_sum,tests
tf.fmt,tests
tf.tensorflow.python.keras.optimizer_v2.learning_rate_schedule.ExponentialDecay,tests
tf.set_policy,tests
tf.noisy_linear_cosine_decay,tests
tf.confusion_matrix,tests
tf.get_distributed_dataset,tests
tf.dimension_at_index,tests
tf.__main__.TextVectorizationE2ETest,tests
tf._check_same_outputs,tests
tf.has_tensors,tests
tf.getfutureimports,tests
tf.match_staging_level,tests
tf.tensorflow.python.distribute.sharded_variable.MaxSizePartitioner,tests
tf.parallel_walk,tests
tf.enclosing_tpu_context,tests
tf.tensorflow.python.ops.init_ops.Constant,tests
tf._run_benchmarks,tests
tf.track_variable,tests
tf.__main__.MyLoss,tests
tf.write_filepath,tests
tf.eager_mode_test_configuration,tests
tf.matrix_solve_ls,tests
tf.get_eager_safe_handle_data,tests
tf.device_placement_op,tests
tf.__main__.TestValidationSplit,tests
tf.functions_run_eagerly,tests
tf._is_keras_symbolic_tensor,tests
tf.sub,tests
tf.map_missing_dict_keys,tests
tf.ctc_loss,tests
tf.leaky_relu_eager_fallback,tests
tf._sanitize_column_name_for_variable_scope,tests
tf.load_source,tests
tf.window_dataset,tests
tf.trace_save_restore_functions,tests
tf.__main__.ParallelInterleaveDatasetSerializationTest,tests
tf._call_for_each_replica,tests
tf.get_inter_op_parallelism_threads,tests
tf.has_strategy,tests
tf.__main__.RNNTest,tests
tf.hinge,tests
tf.identity,tests
tf.add_n,tests
tf.reduce_sum_with_dims,tests
tf.run_all_keras_modes,tests
tf.__main__.ShuffleDatasetSerializationTest,tests
tf._is_symbol_for_any_size,tests
tf.__main__.IndexLookupDistributionTest,tests
tf.device_v2,tests
tf.as_str,tests
tf.maybe_set_static_shape,tests
tf.create_rng_state,tests
tf.get_name_scope,tests
tf.parse_memory_interval,tests
tf.gather,tests
tf.scan,tests
tf.variable_creator_scope,tests
tf.sparse_merge_impl,tests
tf._set_read_only_resource_inputs_attr,tests
tf.collective_gather,tests
tf.add_notice_to_docstring,tests
tf.tensorflow.python.distribute.sharded_variable.MinSizePartitioner,tests
tf.get_small_sequential_mlp,tests
tf.replace_composites_with_components,tests
tf.prod_eager_fallback,tests
tf.resource_scatter_nd_add,tests
tf._unfold_continuations,tests
tf._get_num_workers,tests
tf._make_tensor_into_per_replica,tests
tf.get_seed,tests
tf.random_dataset,tests
tf._wrap_optimizer,tests
tf.all_local_devices,tests
tf.benchmark_config,tests
tf.dense_to_ragged_batch,tests
tf.val_and_grad_function,tests
tf._registered_kl,tests
tf.__main__.CuDNNGraphOnlyTest,tests
tf.len_,tests
tf.__main__.IndexLookupSavingTest,tests
tf.boosted_trees_sparse_calculate_best_feature_split_eager_fallback,tests
tf.reduce_std,tests
tf.summary_scope,tests
tf.is_extension_type,tests
tf.tensorflow.python.keras.layers.core.Dropout,tests
tf.uncompress_element,tests
tf._enclosing_power_of_two,tests
tf.__main__.TFRecordDatasetSerializationTest,tests
tf._is_attrs_instance,tests
tf.__main__.IndexLookupErrorTest,tests
tf._BroadcastMul,tests
tf.__main__.KerasParameterizedTest,tests
tf._enable_get_next_as_optional,tests
tf.__main__.CategoricalEncodingInputTest,tests
tf.smart_case,tests
tf.searchsorted,tests
tf.tensorflow.python.keras.initializers.initializers_v2.Orthogonal,tests
tf.record_gradient,tests
tf._environment_discovery_url,tests
tf.__main__.LayerWithNestedLayerWithLoss,tests
tf.standalone_decorator,tests
tf.py_func_common,tests
tf.get_host_for_device,tests
tf.__main__.TraceModelCallTest,tests
tf.get_resource_handle_data,tests
tf.multi_device_iterator_to_string_handle,tests
tf.convert_to_ndarray,tests
tf.__main__.TextVectorizationSaveableTest,tests
tf.__main__.SimpleSingleEngineTest,tests
tf.make_float,tests
tf.audio_summary_v2,tests
tf.assert_cardinality,tests
tf.with_space_to_batch,tests
tf.__main__.GRULayerTest,tests
tf.reduce_min,tests
tf._convert_rnn_weights,tests
tf.get_verbosity,tests
tf.validate_callable,tests
tf.tanh,tests
tf.walk_v2,tests
tf.gather_nd,tests
tf.thread_pool_handle,tests
tf.__main__.PreprocessingLayerTest,tests
tf._ConvertInputMapValues,tests
tf.any_,tests
tf.conv_connected_inputs,tests
tf.__main__.SimpleMultiEnginesTest2,tests
tf.tensorflow.python.ops.nn_ops.Convolution,tests
tf.optional_from_value,tests
tf.camel_to_snake,tests
tf.isfunction,tests
tf.get_all_registered_kernels,tests
tf.__main__.SubclassedLayersTest,tests
tf.tensorflow.python.ops.init_ops.GlorotUniform,tests
tf.simple_broadcast,tests
tf.select_replica,tests
tf.div_no_nan,tests
tf._stack_trace_inside_mapped_code,tests
tf.__main__.TimeseriesClassificationIntegrationTest,tests
tf.keras_model_type_combinations,tests
tf.or_,tests
tf.__main__.ReviveTestBase,tests
tf.pack_x_y_sample_weight,tests
tf.filter_empty_layer_containers,tests
tf.tensorflow.python.ops.init_ops.TruncatedNormal,tests
tf.tensorflow.python.keras.losses.MeanAbsolutePercentageError,tests
tf.ones_like,tests
tf.text_to_word_sequence,tests
tf.convert_inputs_if_ragged,tests
tf.conjugate_transpose,tests
tf.empty_eager_fallback,tests
tf.log_device_compatibility_check,tests
tf.repeat_dataset,tests
tf.iter_valid_files,tests
tf._ProcessNewOps,tests
tf.__main__.TestMetricsCorrectnessMultiIO,tests
tf.argmax_v2,tests
tf._check_supported_dtypes,tests
tf.constant_value,tests
tf.__main__.CallTreesTest,tests
tf._add_dispatch,tests
tf._get_unique_variable_scope,tests
tf.constant_value_as_shape,tests
tf._py_abs,tests
tf.__main__.Conv3DTest,tests
tf.set_device_policy,tests
tf.matrix_triangular_solve_eager_fallback,tests
tf._make_inputs_match,tests
tf.iterator_get_next,tests
tf._iter_slices,tests
tf._as_type_list,tests
tf.__main__.CosineDecayRestartsTest,tests
tf.eager_mode,tests
tf.assert_rank_in,tests
tf._validate_value_destination_pairs,tests
tf._assert_float_dtype,tests
tf.__main__.LayerWithSharedNestedLossLayer,tests
tf.float_output,tests
tf.serialize_keras_object,tests
tf.make_vjp,tests
tf.__main__.IdentityLayer,tests
tf._generate_zero_filled_state_for_cell,tests
tf.ignore_errors_dataset,tests
tf.run_standard_tensorflow_server,tests
tf.tensorflow.python.keras.initializers.initializers_v2.LecunNormal,tests
tf.keras_tensor_from_tensor,tests
tf.thread_pool_dataset,tests
tf.fill_eager_fallback,tests
tf.__main__.TestEinsumLayerAPI,tests
tf.tensorflow.python.keras.layers.normalization_v2.BatchNormalization,tests
tf.is_saving_non_distributed,tests
tf.reduce_sum,tests
tf.__main__.NestedControlFlowTest,tests
tf.get_session,tests
tf.warning,tests
tf.compute_batch_size,tests
tf._pyval_find_struct_keys_and_depth,tests
tf.tensorflow.python.keras.initializers.initializers_v2.RandomUniform,tests
tf.func_dump,tests
tf.group_by_size,tests
tf.broadcast_gradient_args,tests
tf._without_context,tests
tf.__main__.InterleaveDatasetSerializationTest,tests
tf.run_eagerly_scope,tests
tf.arg_max,tests
tf.collective_manager_ids_from_op,tests
tf._gather,tests
tf.elu_grad,tests
tf.tensor_strided_slice_update_eager_fallback,tests
tf.tensorflow.python.keras.optimizer_v2.learning_rate_schedule.LinearCosineDecay,tests
tf.verify_tensor_all_finite,tests
tf.make_shape,tests
tf.tf_record_random_reader,tests
tf.softmax_cross_entropy_with_logits,tests
tf.get_server_def,tests
tf._get_file_names,tests
tf.stateless_random_uniform_full_int_eager_fallback,tests
tf.data_service_dataset,tests
tf.display_shape,tests
tf._padding_value_to_tensor,tests
tf.__main__.AttentionSubclassTest,tests
tf.combine,tests
tf.policy_scope,tests
tf.tensorflow.python.ops.init_ops_v2.GlorotUniform,tests
tf.resource_gather,tests
tf.conv_kernel_mask,tests
tf.alias_inplace_add,tests
tf.invoke_op_callbacks,tests
tf._any,tests
tf.tensorflow.python.keras.layers.dense_attention.AdditiveAttention,tests
tf.TF_NewSessionOptions,tests
tf._MakeBool,tests
tf.get_log_device_placement,tests
tf.rank,tests
tf.mul_eager_fallback,tests
tf.resolve_entity,tests
tf.assert_same_structure,tests
tf.resource_scatter_sub_eager_fallback,tests
tf.track_nodes_created_by_last_call,tests
tf.leaky_relu,tests
tf._min_eager_fallback,tests
tf.scatter_max,tests
tf.wrap_dataset_variant,tests
tf.batchnorm_example,tests
tf._mul_dispatch,tests
tf._should_unpack_args,tests
tf.validate_destinations,tests
tf.generate_combinations_with_testcase_name,tests
tf.sparse_cross_v2,tests
tf.resource_scatter_add_eager_fallback,tests
tf.copy_handle_data,tests
tf.set_soft_device_placement,tests
tf._skip_common_stack_elements,tests
tf.create_slot_with_initializer,tests
tf.tensorflow.python.keras.initializers.initializers_v2.HeNormal,tests
tf.reduce_join_eager_fallback,tests
tf.set_floatx,tests
tf.__main__.RandomFlipTest,tests
tf._sum,tests
tf.clip_by_norm,tests
tf.cache_dataset_v2,tests
tf.stop_recording,tests
tf.make_bool,tests
tf.set_global_seed,tests
tf.skip_if_grpc_server_cant_be_started,tests
tf.__main__.SimpleMultiEnginesTest,tests
tf.__main__.PolynomialDecayTest,tests
tf._py_int,tests
tf.executing_eagerly_outside_functions,tests
tf.summary_writer,tests
tf.sparse_softmax_cross_entropy_with_logits_eager_fallback,tests
tf._devices_match,tests
tf.reduce_all,tests
tf.local_devices_from_num_gpus,tests
tf.isconstructor,tests
tf.dense_bincount,tests
tf.batch_set_value,tests
tf.py_func,tests
tf.tensor_summary_v2_eager_fallback,tests
tf._compute_device_assignment_summary_from_op,tests
tf.call_replica_local_fn,tests
tf._Attr,tests
tf.get_vocabulary_from_file,tests
tf.in_save_context,tests
tf.get_input_shape_and_dtype,tests
tf.sparse_split,tests
tf.make_decorator,tests
tf.deep_copy_eager_fallback,tests
tf.assert_equal_v2,tests
tf.adjust_contrast,tests
tf.from_tensor_list,tests
tf.collect_graphs,tests
tf.flush,tests
tf._eval_indexed_slices,tests
tf._is_trivial,tests
tf.set_training_arg,tests
tf.get_registered_name,tests
tf._add_should_use_warning,tests
tf.should_save_traces,tests
tf.string_lower_eager_fallback,tests
tf.as_bytes,tests
tf.add_exit_callback_to_default_func_graph,tests
tf.convert_to_tensor_or_sparse_tensor,tests
tf.in_top_kv2,tests
tf.get_filtered_grad_fn,tests
tf.empty_tensor_list,tests
tf.internal_convert_n_to_tensor,tests
tf.partial_shape_to_tensor,tests
tf.all_gather,tests
tf.__main__.ActivationV2IntegrationTest,tests
tf._get_handle_feeder,tests
tf.__main__.ConcatenationTest,tests
tf.resource_scatter_max,tests
tf.tf_record_iterator,tests
tf._AssertCompatible,tests
tf._select_worker_slice,tests
tf.__main__.Conv2DNCHWTest,tests
tf.is_chief,tests
tf.fill,tests
tf.optional_none,tests
tf.functional_decorator,tests
tf._get_available_gpus,tests
tf.draw_bounding_boxes_v2,tests
tf.collect,tests
tf._tensor_array_to_flow,tests
tf.is_split_variable,tests
tf.unwrap_dataset_variant,tests
tf.segment_sum_eager_fallback,tests
tf.__main__.BatchMatMulWeightBroadcastTest,tests
tf.string_strip_eager_fallback,tests
tf._abs,tests
tf.__main__.RandomTranslationTest,tests
tf.__main__.GroupByWindowSerializationTest,tests
tf.verify_captures,tests
tf.normalize_data_format,tests
tf.get_default_communication_protocol,tests
tf.graph_mode_test_configuration,tests
tf.list_all_layers_and_sublayers,tests
tf._raised_cosine_window,tests
tf.tensorflow.python.keras.losses.MeanSquaredLogarithmicError,tests
tf.placeholder_with_default,tests
tf.clone_model,tests
tf.from_saved_model,tests
tf.find_function_to_export,tests
tf._build_element_shape,tests
tf._preprocess_padding,tests
tf._MatMulGradAgainstSecondOnly,tests
tf._dimension_sizes,tests
tf._ParseTensorName,tests
tf._py_assert_stmt,tests
tf._restore_layer_losses,tests
tf._policy_equivalent_to_dtype,tests
tf.bucketize_eager_fallback,tests
tf.next_,tests
tf.maybe_init_scope,tests
tf.__main__.TestTrainingWithDataTensors,tests
tf.get_classes,tests
tf.run_with_all_saved_model_formats,tests
tf._strip_prefix,tests
tf.__main__.BatchDatasetSerializationTest,tests
tf.gather_trainable_weights,tests
tf.kernel_label,tests
tf.__main__.UniqueDatasetSerializationTest,tests
tf.decode_csv_eager_fallback,tests
tf.boosted_trees_make_stats_summary_eager_fallback,tests
tf.__main__.TestAddLossCorrectness,tests
tf.verify_dataset_shuffled,tests
tf._control_ctx,tests
tf.__main__.DataHandlerTest,tests
tf._is_subscribed_identity,tests
tf.delete_recursively,tests
tf.concatenate_dataset,tests
tf._init,tests
tf.tensorflow.python.keras.layers.preprocessing.category_crossing.CategoryCrossing,tests
tf._tensors_in_key_list,tests
tf.model_metadata,tests
tf.stats_aggregator_handle_v2,tests
tf.list_logical_devices,tests
tf._get_device_or_colocation,tests
tf.__main__.OpLayerTest,tests
tf.pad,tests
tf.add_operators,tests
tf.string_length,tests
tf.tensorflow.python.keras.engine.sequential.Sequential,tests
tf.where_v2,tests
tf.tensorflow.python.keras.initializers.initializers_v2.RandomNormal,tests
tf.sparse_cross,tests
tf.pool,tests
tf._is_symbolic_tensor,tests
tf.validate_kwargs,tests
tf.__main__.DataAdapterTestBase,tests
tf._infer_hints_allowing_override,tests
tf.default_session,tests
tf.assert_not_ref_type,tests
tf.shared_name,tests
tf.assert_is_batch_matrix,tests
tf.__main__.StaticBatchSizeTest,tests
tf.parse_example_dataset_v2,tests
tf.batch_function,tests
tf.tensorflow.python.keras.layers.merge.Subtract,tests
tf._annotate_ndarray_lines,tests
tf.epsilon,tests
tf.control_dependencies,tests
tf._GetColocationNames,tests
tf.resource_scatter_add,tests
tf.is_composite_or_composite_value,tests
tf.take_dataset,tests
tf.__main__.AutographControlFlowTest,tests
tf.slice,tests
tf.get_variable,tests
tf.group_by_window,tests
tf.convert_to_tensor,tests
tf.dimension_value,tests
tf.has_worker_context,tests
tf.compress,tests
tf.push_tape,tests
tf.random_standard_normal,tests
tf.__main__.ParameterServerStrategyTest,tests
tf._set_context_locked,tests
tf.__main__.TestGeneratorMethods,tests
tf.int_input_int_output,tests
tf.validate_callbacks,tests
tf.sparse_categorical_accuracy,tests
tf.__main__.WhileStatementTest,tests
tf.subtract,tests
tf.get_distributed_datasets_from_function,tests
tf.IsTrainable,tests
tf._test_functional_model_type,tests
tf.tensorflow.python.keras.layers.embeddings.Embedding,tests
tf.contextmanager,tests
tf._runtime,tests
tf.cosine_decay,tests
tf.concat_v2_eager_fallback,tests
tf.__main__.AnnotateMaxBatchSizesTest,tests
tf.in_top_k,tests
tf.create_in_process_cluster,tests
tf.global_norm,tests
tf._py_list_append,tests
tf.softmax,tests
tf.bitcast_eager_fallback,tests
tf._py_range,tests
tf.tensor_list_pop_back,tests
tf.initialize_table_from_text_file_v2,tests
tf._MaybeDevice,tests
tf.get_small_mlp,tests
tf.tensorflow.python.keras.layers.core.Masking,tests
tf.zip_,tests
tf.resize_nearest_neighbor,tests
tf._test_subclass_model_type,tests
tf.not_equal,tests
tf._ensure_unique_tensor_objects,tests
tf.log_softmax,tests
tf.extract_glimpse_v2,tests
tf.assert_integer,tests
tf._dedup_strings,tests
tf.variable_accessed,tests
tf.broadcast_sample_weight_modes,tests
tf.__main__.IdentityTest,tests
tf._normalize_feature_columns,tests
tf._prepare,tests
tf.einsum,tests
tf._add_deprecated_function_notice_to_docstring,tests
tf.create_pseudo_input_names,tests
tf._BatchNormGrad,tests
tf._get_strides_and_dilation_rate,tests
tf.broadcast_static_shape,tests
tf.convert_padding,tests
tf.sparse_to_dense_eager_fallback,tests
tf.__main__.IndexLookupLayerTest,tests
tf.canonical_name,tests
tf.__main__.TestExceptionsAndWarnings,tests
tf.resource_scatter_min,tests
tf._generate_zero_filled_state,tests
tf._get_variables,tests
tf.tensorflow.python.keras.losses.SquaredHinge,tests
tf.__main__.TestMetricsWithDatasets,tests
tf.tensorflow.python.keras.optimizer_v2.learning_rate_schedule.CosineDecay,tests
tf.log_if,tests
tf._call_unconverted,tests
tf.read_variable_op,tests
tf.range,tests
tf.group_by_reducer,tests
tf._parse_lambda,tests
tf.zeros,tests
tf._as_indexed_slices_list,tests
tf.implicit_grad,tests
tf.matrix_diag_v3,tests
tf.__main__.AutoLambdaTest,tests
tf._maybe_copy_to_context_device,tests
tf.matmul,tests
tf._convert_inputs_to_signature,tests
tf.graph_def_version,tests
tf.__main__.LossWeightingTest,tests
tf._assert_strategy,tests
tf.tensorflow.python.keras.layers.merge.Minimum,tests
tf._normalize_docstring,tests
tf._log_device_compatibility_check,tests
tf.__main__.ExampleTest,tests
tf.write_summary_eager_fallback,tests
tf._nvals_uniform_row_length,tests
tf.sparse_fill_empty_rows,tests
tf.transform,tests
tf.TF_Reset,tests
tf.is_resource_variable,tests
tf.reshape_eager_fallback,tests
tf.scatter_update,tests
tf.all_,tests
tf.tensorflow.python.keras.losses.CategoricalHinge,tests
tf.__main__.DefaultShapeInferenceBehaviorTest,tests
tf.numpy_printoptions_from_screen_info,tests
tf.enable_control_flow_v2,tests
tf.aggregate_indexed_slices_gradients,tests
tf.to_code,tests
tf.reduce_euclidean_norm,tests
tf.__main__.InverseDecayTest,tests
tf.get_device_details,tests
tf._to_tensor,tests
tf._state_to_olabel,tests
tf.run_distribute_coordinator,tests
tf.batch_gather_nd,tests
tf.__main__.LossesSerialization,tests
tf._ensure_same_dataset_graph,tests
tf.enable_eager_execution,tests
tf.getnamespace,tests
tf.__main__.BiasaddMatMulTest,tests
tf._print_eager_fallback,tests
tf.snapshot,tests
tf.dataset_cardinality,tests
tf.__main__.DepthwiseConv2DTest,tests
tf.matching_files_dataset,tests
tf.global_seed,tests
tf.replicate,tests
tf.convolution,tests
tf.get_positive_axis,tests
tf.resource_scatter_update_eager_fallback,tests
tf.__main__.DeferredModeTest,tests
tf.flush_summary_writer,tests
tf.create_summary_file_writer,tests
tf.is_finite,tests
tf.ones,tests
tf.sparse_tensor_to_dense,tests
tf.getmethodclass,tests
tf.sparse_reshape,tests
tf._assert_same_base_type,tests
tf._check_if_mixed_precision_graph_rewrite_is_enabled,tests
tf.GetFromNumpyDTypeDict,tests
tf.__main__.HashingDistributionTest,tests
tf.create_cluster_spec,tests
tf._convert_to_sparse_tensors,tests
tf.__main__.ShardDatasetSerializationTest,tests
tf.tensorflow.python.keras.optimizer_v2.learning_rate_schedule.InverseTimeDecay,tests
tf.tensorflow.python.keras.layers.normalization.BatchNormalization,tests
tf.obtain_input_shape,tests
tf.__main__.DirectivesTest,tests
tf.parallel_interleave,tests
tf.internal_convert_to_tensor_or_indexed_slices,tests
tf.get_v2_optimizer,tests
tf.trace_off,tests
tf.minimize_loss_example,tests
tf.__main__.CollectiveAllReduceTest,tests
tf.numeric_summary,tests
tf.fingerprint_eager_fallback,tests
tf.size,tests
tf.__main__.ImageClassificationIntegrationTest,tests
tf.choose_fastest_dataset,tests
tf.tensorflow.python.keras.testing_utils._SubclassModel,tests
tf.parse_example_v2_eager_fallback,tests
tf.as_dtype,tests
tf._validate_dct_arguments,tests
tf.__main__.RebatchDatasetSerializationTest,tests
tf.tensorflow.python.keras.constraints.MinMaxNorm,tests
tf.tensor_map_size,tests
tf.validate_input_types,tests
tf.conv_output_length,tests
tf.map_structure_with_atomic,tests
tf._has_known_value,tests
tf.enter,tests
tf.matrix_exponential,tests
tf.get_current_worker_context,tests
tf.canonicalize,tests
tf.map_and_batch,tests
tf.container,tests
tf.latency_stats,tests
tf.broadcast_gradient_args_eager_fallback,tests
tf.run_functions_eagerly,tests
tf.iterator_v2,tests
tf.get_registered_object,tests
tf.__main__.PaddedBatchDatasetSerializationTest,tests
tf.softsign_eager_fallback,tests
tf.__main__.LossesContainerTest,tests
tf.execute_with_callbacks,tests
tf.__main__.StringLookupLayerTest,tests
tf.extract_stack,tests
tf.strip_graph_default_valued_attrs,tests
tf._validate_arguments,tests
tf.convert_n_to_tensor,tests
tf.tensor_float_32_execution_enabled,tests
tf.divide_by_n_tensors_or_indexed_slices,tests
tf.compare_and_bitpack_eager_fallback,tests
tf.keras_tensors_enabled,tests
tf.__main__.ImplicitBatchTest,tests
tf.verify,tests
tf.is_dense_tensor,tests
tf.get_devices_from,tests
tf._py_all,tests
tf._handle_graph,tests
tf.info,tests
tf.tables_initializer,tests
tf.get_matching_files,tests
tf.get_qualified_name,tests
tf.__main__.TransposeTest,tests
tf.__main__.PrefetchDatasetSerializationTest,tests
tf.get_default_graph_uid_map,tests
tf.create_mirrored_variable,tests
tf.less,tests
tf.__main__.IncompatibleTransposeTest,tests
tf.collapse_repeated,tests
tf.__main__.IndexLookupStringCombinerTest,tests
tf.add,tests
tf._is_padded_shape_compatible_with,tests
tf.unique_with_counts_v2_eager_fallback,tests
tf.softmax_cross_entropy_with_logits_eager_fallback,tests
tf.__main__.BatchNormalizationV2Test,tests
tf._push_critical_section_stack,tests
tf.__main__.LSTMGraphRewriteTest,tests
tf._elems_flat_to_batchable,tests
tf._Restructure,tests
tf._print,tests
tf._get_graph_from_inputs,tests
tf.unpack,tests
tf.clean_tag,tests
tf.stateless_truncated_normal_eager_fallback,tests
tf.__main__.IndexLookupSaveableTest,tests
tf.minimum,tests
tf.reduce_join_v2,tests
tf.__main__.PrintTrainingInfoTest,tests
tf._assert_monotonic_increasing,tests
tf.tensor_list_from_tensor_eager_fallback,tests
tf.recompute_grad,tests
tf.converted_call,tests
tf.shuffle_and_repeat,tests
tf.assign,tests
tf._slice_helper,tests
tf.eval,tests
tf.map_flat_values,tests
tf.tf_operations,tests
tf.inside_function,tests
tf.ragged_cross,tests
tf._maybe_set_handle_data,tests
tf._sorted,tests
tf.any,tests
tf._assert_nodes_are_present,tests
tf.set_image_data_format,tests
tf.reduce_logsumexp,tests
tf.tfmodule_models_with_strategies,tests
tf._parse_interval,tests
tf.sparse_to_indicator,tests
tf.tensorflow.python.ops.linalg.linear_operator_algebra.RegisterMatmul,tests
tf.old,tests
tf._in_place_subclassed_model_reset,tests
tf._IsRepeatedContainer,tests
tf.__main__.CuDNNV1OnlyTest,tests
tf.inplace_sub_eager_fallback,tests
tf._use_new_code,tests
tf.set_int_list_attr,tests
tf.index_subdirectory,tests
tf.placeholder,tests
tf.disable_mlir_bridge,tests
tf.__main__.ConvertToListTest,tests
tf.matches,tests
tf.get_save_options,tests
tf.__main__.TestImageNetUtils,tests
tf.sparse_minimum,tests
tf.check_valid,tests
tf.getfullargspec,tests
tf.new_list,tests
tf.get_soft_device_placement,tests
tf.assert_stmt,tests
tf.fold_in,tests
tf.arg_max_eager_fallback,tests
tf.__main__.RandomHeightTest,tests
tf._RemoveDefaultAttrs,tests
tf.__main__.RandomZoomTest,tests
tf._get_dtype,tests
tf.zeros_like_impl,tests
tf.batch_get_value,tests
tf.resource_scatter_sub,tests
tf.close_summary_writer,tests
tf._internal_py_func,tests
tf._resize_images_common,tests
tf.argmin,tests
tf.assert_none_equal,tests
tf.polynomial_decay,tests
tf.run_with_all_weight_formats,tests
tf.__main__.FilterDatasetSerializationTest,tests
tf.slice_arrays,tests
tf._is_framework_filename,tests
tf.__main__.CategoryEncodingCombinerTest,tests
tf.ProtoEq,tests
tf.is_directory,tests
tf.to_list,tests
tf.tensorflow.python.platform.benchmark._BenchmarkRegistrar,tests
tf.is_sync_on_read,tests
tf.internal_convert_to_tensor_or_composite,tests
tf.greater_equal,tests
tf.stop,tests
tf.max_pool_eager_fallback,tests
tf.share_weights,tests
tf.scatter_mul,tests
tf.__main__.LRUCacheTest,tests
tf.__main__.IdentityNetwork,tests
tf.serialize_keras_class_and_config,tests
tf.sharded_filename,tests
tf.eager_py_func,tests
tf._constant_if_small,tests
tf.__main__.ImageDatasetFromDirectoryTest,tests
tf.sequence_mask,tests
tf.as_dense_shapes,tests
tf.shape_eager_fallback,tests
tf.pow,tests
tf._pow,tests
tf._py_lazy_and,tests
tf.sparse_tensor_dense_matmul,tests
tf.class_and_config_for_serialized_keras_object,tests
tf.tensorflow.python.framework.test_combinations.NamedObject,tests
tf._set_v2_dtype_behavior,tests
tf._create_context,tests
tf.take_while,tests
tf.locals_in_original_context,tests
tf.dot,tests
tf.mean_absolute_percentage_error,tests
tf.tensor_slice_dataset,tests
tf.broadcast_args,tests
tf._NodeDef,tests
tf._infer_column_defaults,tests
tf.dropout_v2,tests
tf.threadsafe_generator,tests
tf.__main__.TestUtils,tests
tf.enable_resource_variables,tests
tf._get_defining_frame,tests
tf._fall_back_unconverted,tests
tf.__main__.ZeroPaddingTest,tests
tf.tridiagonal_solve,tests
tf.get_flat_tensor_types,tests
tf._make_state_from_seed,tests
tf.wrapping_decorator,tests
tf.in_defun,tests
tf._run_single_worker,tests
tf.is_same_structure,tests
tf.format_tensor,tests
tf.enable_run_metadata,tests
tf.tensorflow.python.ops.nn_ops._WithSpaceToBatch,tests
tf.stateless_random_uniform_v2,tests
tf.constant_v1,tests
tf.is_tensor,tests
tf.has_default_graph,tests
tf.manual_variable_initialization,tests
tf.index_table_from_file,tests
tf.deserialize,tests
tf.select_replica_mirrored,tests
tf.substr_eager_fallback,tests
tf.flatten,tests
tf.learning_phase_scope,tests
tf.assert_near,tests
tf._get_row_partition_type_tensor_pairs,tests
tf._decode_helper,tests
tf.tensorflow.python.keras.layers.rnn_cell_wrapper_v2.ResidualWrapper,tests
tf._preprocess_conv2d_input,tests
tf._convert_to_sparse_tensor,tests
tf.categorical_hinge,tests
tf.all_strategy_and_input_config_combinations,tests
tf.zeros_like,tests
tf._matrix_exp_pade3,tests
tf._py_float,tests
tf._validate_list_constructor,tests
tf.make_iterator,tests
tf._broadcast_shape_helper,tests
tf._GetNextLogCountPerToken,tests
tf._serialize_function_to_config,tests
tf.top_kv2_eager_fallback,tests
tf.leaky_relu_grad,tests
tf.enabled,tests
tf._compute_colocation_summary_from_op,tests
tf.tensorflow.python.keras.metrics.FalsePositives,tests
tf.max_intra_op_parallelism_dataset,tests
tf.use_gpu,tests
tf.__main__.ExplicitBatchTest,tests
tf.scatter_add,tests
tf.sign,tests
tf.summary_writer_function,tests
tf.get_ui,tests
tf.tensorflow.python.eager.def_function.Function,tests
tf._parse_flags_tolerate_undef,tests
tf._pack_sequence_as,tests
tf.adjust_contrastv2,tests
tf.__main__.SnapshotDatasetSerializationTest,tests
tf.__main__.CentralStorageStrategyTest,tests
tf.record_operation,tests
tf.output_all_intermediates,tests
tf.ragged_tensor_to_variant,tests
tf.stat_v2,tests
tf.get_multi_io_model,tests
tf._create_distributed_tensor_spec,tests
tf._check_index,tests
tf.boosted_trees_calculate_best_feature_split_v2_eager_fallback,tests
tf.cholesky,tests
tf.assign_sub_variable_op,tests
tf.string_upper_eager_fallback,tests
tf.__main__.IndexLookupInverseVocabularyTest,tests
tf.do_not_convert,tests
tf.get_training_or_validation_split,tests
tf.to_bool_eager_fallback,tests
tf.all_strategy_combinations_minus_default,tests
tf._create_per_replica,tests
tf.write_raw_proto_summary,tests
tf.__main__.MultiHeadAttentionTest,tests
tf.quantize_and_dequantize_v4,tests
tf._LeftShift,tests
tf.dilation2d,tests
tf.__main__.BinaryTensorWeightBroadcastTest,tests
tf.is_eager_dataset_or_iterator,tests
tf.tensorflow.python.ops.custom_gradient.Bind,tests
tf.model_input_signature,tests
tf.format_master_url,tests
tf.meshgrid,tests
tf._range,tests
tf._disallow_remote_value_as_input,tests
tf.__main__.ForLoopTest,tests
tf.clear_previously_created_nodes,tests
tf._cast_nested_seqs_to_dtype,tests
tf._encode_tuple,tests
tf.ndim,tests
tf._infer_fft_length_for_rfft,tests
tf._is_filepath,tests
tf.ragged_tensor_from_variant,tests
tf.__main__.RandomRotationTest,tests
tf.assert_like_rnncell,tests
tf.tf_record_dataset,tests
tf.get_matching_files_v2,tests
tf.__main__.TestSavedModelFormatAllModes,tests
tf._check_params,tests
tf._run_in_graph_client,tests
tf._inference_name,tests
tf.split_by_sparsity,tests
tf.foo2,tests
tf.assert_compatible_matrix_dimensions,tests
tf._analyze_split_string,tests
tf.serialize_iterator,tests
tf.__main__.Conv1DTest,tests
tf.stateless_random_binomial,tests
tf._getargspec,tests
tf.convert_shapes,tests
tf.depth_to_space,tests
tf.layer_uses_training_bool,tests
tf._is_ndarray,tests
tf.__main__.ConditionalExpressionsTest,tests
tf.sparse_concat_v2,tests
tf.remove_function,tests
tf.logical_xor,tests
tf.__main__.GeneratorDataAdapterTest,tests
tf.__main__.DistributionStrategyStatefulLstmModelCorrectnessTest,tests
tf.should_invoke_op_callbacks,tests
tf.broadcast_shape,tests
tf.normalize_tuple,tests
tf.scalar_summary_eager_fallback,tests
tf._op_to_colocate_with,tests
tf.conv2d_backprop_filter,tests
tf._tf_tensor_list_stack,tests
tf.list_stack,tests
tf.set_server_def,tests
tf._slot_variable_naming_for_optimizer,tests
tf.__main__.InputLayerTest,tests
tf.__main__.TextVectorizationModelBuildingTest,tests
tf.all_strategy_and_input_config_combinations_eager,tests
tf._BaseFusedBatchNormGrad,tests
tf._is_valid_float,tests
tf.maybe_create_event_file,tests
tf.add_n_eager_fallback,tests
tf.stateless_random_uniform_int_v2,tests
tf.substr,tests
tf.__main__.IfStmtTest,tests
tf.l2_loss,tests
tf._normalize_value_destination_pairs,tests
tf.rewrap,tests
tf.update_server_def,tests
tf.tf_record_dataset_eager_fallback,tests
tf.tile_eager_fallback,tests
tf.sparse_segment_sum_with_num_segments_eager_fallback,tests
tf.size_internal,tests
tf.multi_worker_mirrored_eager,tests
tf.__main__.DiscretizationDistributionTest,tests
tf.fractional_max_pool_v2,tests
tf._GatherReturnElements,tests
tf.__main__.CheckpointingTests,tests
tf.argsort,tests
tf.parse_readable_size_str,tests
tf.variable,tests
tf.deep_copy,tests
tf.l1_l2,tests
tf.check_fill_mode_and_interpolation,tests
tf.greater,tests
tf._var_key,tests
tf.register_type_spec_from_value_converter,tests
tf.to_graph,tests
tf._should_not_autopack,tests
tf.register_keras_serializable,tests
tf._maybe_pad_for_rfft,tests
tf.__main__.FromTensorsSerializationTest,tests
tf.use_keras_tensors_scope,tests
tf.__main__.GroupedConvTest,tests
tf.string_length_eager_fallback,tests
tf._infer_frame_shape,tests
tf.sparse_softmax_cross_entropy_with_logits,tests
tf.squeeze,tests
tf.identity_n_eager_fallback,tests
tf.load_img,tests
tf.stateless_random_uniform_eager_fallback,tests
tf.create_file_writer,tests
tf.are_compatible,tests
tf.alias_inplace_sub,tests
tf._tf_tensor_list_pop,tests
tf.unique,tests
tf.get_layer_policy,tests
tf.NormalizeNumberFields,tests
tf.__main__.VGGBlockTest,tests
tf.tfmodule_models_with_strategy_pairs,tests
tf._eager_fill,tests
tf.experimental_assert_next_dataset,tests
tf.watch_variable,tests
tf.validate_saveable_view,tests
tf.unparse,tests
tf.set_logical_device_configuration,tests
tf.sparse_to_dense,tests
tf.dynamic_partition_eager_fallback,tests
tf.tensor_list,tests
tf.distribute,tests
tf.sparse_concat,tests
tf.allowlist,tests
tf.trace_on,tests
tf.var,tests
tf.create_new_tf_function,tests
tf._is_multiple_state,tests
tf.std,tests
tf.count_nonzero,tests
tf._current_graph,tests
tf._as_indexed_slices,tests
tf.has_arg,tests
tf.kaiser_window,tests
tf._ShapesFullySpecifiedAndEqual,tests
tf._concat_ragged_splits,tests
tf.getqualifiedname,tests
tf.__main__.CategoryEncodingDistributionTest,tests
tf.make_parse_example_spec,tests
tf.deprecated_argument_lookup,tests
tf._create_pseudo_names,tests
tf.__main__.RaggedTensorClassMethodAsLayerTest,tests
tf.sparse_maximum,tests
tf.optional_has_value,tests
tf.get_config,tests
tf.is_inside_generated_code,tests
tf.has_verbosity,tests
tf._get_temp_dir,tests
tf._parse_slices,tests
tf.parse_tensor_name_with_slicing,tests
tf.__main__.BatchMatMulTwoTensorTest,tests
tf._assert_zero,tests
tf.mark_checked,tests
tf._wrap_into_factory,tests
tf.times,tests
tf.tensorflow.python.eager.function.ConcreteFunction,tests
tf.build,tests
tf.get_interpolation,tests
tf.ctc_loss_v2,tests
tf.is_oss,tests
tf.backend,tests
tf.__main__.CategoricalEncodingAdaptTest,tests
tf.unique_fn_name,tests
tf._apply_op_helper,tests
tf.assert_less,tests
tf.eigvals,tests
tf.lookup_table_export_v2,tests
tf._embedding_lookup_and_transform,tests
tf._should_record_summaries_v2,tests
tf.__main__.TestModelCloning,tests
tf.get,tests
tf.assert_rank,tests
tf.tensorflow.python.keras.losses.KLDivergence,tests
tf.square_eager_fallback,tests
tf.rejection_resample,tests
tf.shape,tests
tf._parse_service,tests
tf.gather_v2,tests
tf._check_state_shape,tests
tf._calculate_acceptance_probs_with_mixing,tests
tf._build_ragged_tensors,tests
tf._max,tests
tf.assert_no_legacy_layers,tests
tf._compute_colocation_summary_from_dict,tests
tf.depthwise_conv2d,tests
tf.snapshot_dataset,tests
tf.tensor_id,tests
tf.next_py,tests
tf.load_ast,tests
tf._get_default_replica_mode,tests
tf.dedent_block,tests
tf._registered_matmul,tests
tf.unwrap,tests
tf._eval_using_default_session,tests
tf._enable_mixed_precision_graph_rewrite_base,tests
tf.not_,tests
tf._py_list_pop,tests
tf.from_str,tests
tf.__main__.ResizingTest,tests
tf._max_eager_fallback,tests
tf.__main__.CategoryEncodingOutputTest,tests
tf.batch_scatter_update,tests
tf.__main__.TPUStrategyDistributionTest,tests
tf.__main__.DynamicLayer,tests
tf._make_1d_state,tests
tf.distributions_and_v1_optimizers,tests
tf.dismantle_graph,tests
tf.uid,tests
tf._validate_aggregation,tests
tf.tensorflow.python.keras.initializers.initializers_v2.TruncatedNormal,tests
tf.conv3d_eager_fallback,tests
tf.has_kwargs,tests
tf.resource_gather_eager_fallback,tests
tf.tensorflow.python.keras.layers.dense_attention.Attention,tests
tf.strided_slice,tests
tf.locate_tensor_element,tests
tf.__main__.FunctionTransformer,tests
tf.swish,tests
tf.function,tests
tf._convert_to_ast,tests
tf.sparse_add_v2,tests
tf.concat,tests
tf.TensorShapeProtoToList,tests
tf.sparse_bincount_eager_fallback,tests
tf._is_valid_int32,tests
tf._convert_actual,tests
tf.non_deterministic_ints,tests
tf.imag,tests
tf._exit,tests
tf.make_parse_example_spec_v2,tests
tf.reduce_non_distributed_value,tests
tf.add_to_collection,tests
tf.is_tensor_list,tests
tf.stateless_random_uniform_int,tests
tf.smart_constant_value,tests
tf.list_local_devices,tests
tf.flatten_up_to,tests
tf.__main__.LogicalExpressionTest,tests
tf._get_tpu_name,tests
tf._make_divisible,tests
tf.copy_clean,tests
tf.__main__.AdvancedControlFlowTest,tests
tf.create_source_map,tests
tf.distributions_and_v1_and_v2_optimizers,tests
tf.match_dtype_and_rank,tests
tf._may_reduce_to_scalar,tests
tf.csv_dataset_v2,tests
tf._is_callable_object,tests
tf.get_rename_v2,tests
tf.set_handle_data,tests
tf.enable_tensor_float_32_execution,tests
tf._py_list_new,tests
tf._output_to_stdout,tests
tf.__main__.ParameterServerStrategyTestBase,tests
tf.get_default_session_config,tests
tf._test_or_class_decorator,tests
tf.__main__.LinearCosineDecayTest,tests
tf._get_unbound_function,tests
tf.shape_with_no_batch_size,tests
tf.__main__.FlatMapDatasetSerializationTest,tests
tf.getdefiningclass,tests
tf._arg_name,tests
tf.func_load,tests
tf.get_variable_scope,tests
tf.make_variable,tests
tf.scalar_summary,tests
tf._filter_top_k,tests
tf.stateless_random_uniform,tests
tf.sparse_merge,tests
tf.__main__.FromSparseTensorSlicesSerializationTest,tests
tf.sparse_tensor_dense_add,tests
tf.fractional_max_pool_eager_fallback,tests
tf.internal_operation_seed,tests
tf.result_wrapper,tests
tf.connect_to_cluster,tests
tf.__main__.ModelSaveTest,tests
tf.unknown_shape,tests
tf._disable_summary_context,tests
tf._reset_layer_losses,tests
tf.categorical_crossentropy,tests
tf.preprocess_input,tests
tf.linear_cosine_decay,tests
tf.__main__.Conv2DTranposeTest,tests
tf.__main__.TrainingTest,tests
tf._should_use_multi_device_iterator,tests
tf.file_exists,tests
tf.extract_glimpse_eager_fallback,tests
tf.__main__.TestAutoUpdates,tests
tf.ops_used_by_graph_def,tests
tf.disable_eager_execution,tests
tf.dtype_with_default_op,tests
tf.parse_readable_time_str,tests
tf.unpack_x_y_sample_weight,tests
tf.override_func_graph_name_scope,tests
tf._uniquify_fetches,tests
tf.is_broadcast_compatible,tests
tf.record_if,tests
tf.enable_mlir_graph_optimization,tests
tf.softplus_eager_fallback,tests
tf._get_partitioned_variable,tests
tf._result_value_flat_to_batchable,tests
tf.clone_metric,tests
tf._is_bound_method,tests
tf.log,tests
tf.pack_eager_tensors,tests
tf._eager_reshape,tests
tf.string_format,tests
tf.euclidean_norm,tests
tf.__main__.SliceTest,tests
tf.clone_metrics,tests
tf.deserialize_keras_object,tests
tf.__main__.ParameterServerStrategyWithChiefTest,tests
tf.__main__.ImagePreprocessingDistributionTest,tests
tf.strip_name_scope,tests
tf._map_graph_network,tests
tf.__main__.AdvancedActivationsTest,tests
tf.__main__.MapDatasetSerializationTest,tests
tf.conjugate_transpose_eager_fallback,tests
tf.wrap_rich_text_lines,tests
tf.create_file_writer_v2,tests
tf._conv3d_expanded_batch,tests
tf.map_structure_up_to,tests
tf.mutable_hash_table_of_tensors_v2,tests
tf.sorted_,tests
tf.__main__.DiscretizationTest,tests
tf.deserialize_sparse,tests
tf.range_,tests
tf.in_while_loop_defun,tests
tf.Provision,tests
tf.call_with_unspecified_conversion_status,tests
tf.rsqrt,tests
tf._at_k_name,tests
tf.delete_recursively_v2,tests
tf.batch_dot,tests
tf.__main__.IfStatementTest,tests
tf._all,tests
tf.__main__.ConstBroadcastTest,tests
tf._flatten_module,tests
tf._colocate_with_for_gradient,tests
tf._MakeFloat,tests
tf.resource_scatter_div,tests
tf.__main__.ChooseFastestDatasetSerializationTest,tests
tf._as_graph_element,tests
tf.assert_thresholds_range,tests
tf._get_arg_spec,tests
tf.convert_structure_to_signature,tests
tf.device_stack_has_callable,tests
tf._any_eager_fallback,tests
tf.get_save_format,tests
tf.broadcast_args_eager_fallback,tests
tf.get_func_name,tests
tf.tensor_list_set_item,tests
tf.regroup,tests
tf.global_policy,tests
tf._disallow_inside_tf_function,tests
tf.expand_tasks_per_node,tests
tf.dynamic_list_append,tests
tf._MakeInt,tests
tf._build_map,tests
tf._is_supported_ragged_values_type,tests
tf.image,tests
tf._py_filter,tests
tf.get_strategy,tests
tf._get_default_strategy,tests
tf.boosted_trees_aggregate_stats_eager_fallback,tests
tf.set_optimizer_experimental_options,tests
tf.assert_greater_equal,tests
tf.get_variable_scope_store,tests
tf._IsListValue,tests
tf.set_epsilon,tests
tf.stats_aggregator_set_summary_writer,tests
tf.__main__.AutoShardDatasetSerializationTest,tests
tf.copy_origin,tests
tf.kl_divergence,tests
tf._is_distributed_dataset,tests
tf.control_flow_v2_enabled,tests
tf.parse,tests
tf.__main__.TensorLikeDataAdapterTest,tests
tf.__main__.TextDatasetFromDirectoryTest,tests
tf._MakeStr,tests
tf._as_string,tests
tf._SetDefaultAttrValues,tests
tf.max_pool_grad_with_argmax,tests
tf.tensor_strided_slice_update,tests
tf.matrix_set_diag,tests
tf.cache_allowlisted,tests
tf.mirror_pad,tests
tf.decode,tests
tf._filter_returned_ops,tests
tf.__main__.NoisyLinearCosineDecayTest,tests
tf._constant_value,tests
tf.stateless_random_get_key_counter_alg_eager_fallback,tests
tf.random_poisson_v2_eager_fallback,tests
tf.overload_of,tests
tf._clone_sequential_model,tests
tf.__main__.TestModelRevive,tests
tf.__main__.CenterCropTest,tests
tf.__main__.BatchNormalizationV1Test,tests
tf.must_record_gradient,tests
tf.convert_to_tensor_or_composite,tests
tf._make_input_signature_hashable,tests
tf.__main__.AddLossTest,tests
tf.empty_tensor_list_eager_fallback,tests
tf.tensorflow.python.keras.losses.Hinge,tests
tf._object_prefix_from_path,tests
tf.resource_count_up_to,tests
tf.global_learning_phase_is_set,tests
tf.arg_min,tests
tf.floor,tests
tf._registered_solve,tests
tf.any_sparse,tests
tf.get_training_arg_index,tests
tf.get_tensorflow_version_lines,tests
tf.huber,tests
tf.get_cross_replica_context,tests
tf.max_pool3d,tests
tf._compute_theoretical_jacobian,tests
tf.is_generator_or_sequence,tests
tf.__main__.ChooseFastestBranchDatasetSerializationTest,tests
tf._TensorScatterMinOrMaxGrad,tests
tf.observe_object_name,tests
tf.matrix_diag_part,tests
tf.__main__.ConstDataInputSingleEngineTest,tests
tf.less_eager_fallback,tests
tf.device,tests
tf.expand_dims_v2,tests
tf.inplace_sub,tests
tf._constant_eager_impl,tests
tf.get_print_tensor_argparser,tests
tf._is_statically_shaped,tests
tf.__main__.TextLineDatasetSerializationTest,tests
tf.__main__.VGGBlockNCHWTest,tests
tf.name_from_scope_name,tests
tf.exp,tests
tf.eig,tests
tf.keras_tensor_to_placeholder,tests
tf.stateless_truncated_normal,tests
tf.get_intra_op_parallelism_threads,tests
tf.__main__.BreakCanonicalizationTest,tests
tf.tensorflow.python.ops.variables.VariableMetaclass,tests
tf.fused_batch_norm_v3,tests
tf.tensorflow.python.distribute.sharded_variable.FixedShardsPartitioner,tests
tf._GetDenseDimensions,tests
tf._binary_assert,tests
tf.connect_to_remote_host,tests
tf.scatter_min,tests
tf.for_all_test_methods,tests
tf.floatx,tests
tf.queue_enqueue_v2,tests
tf.relu,tests
tf.__main__.CoreLayerIntegrationTest,tests
tf.class_method_to_instance_method,tests
tf._is_of_known_loaded_module,tests
tf._type_spec_from_value,tests
tf.image_data_format,tests
tf._create_slot_var,tests
tf.mul,tests
tf._ProcessGraphDefParam,tests
tf.index_table_from_tensor,tests
tf.as_str_any,tests
tf._should_record_summaries_internal,tests
tf.prefetch_to_device,tests
tf.qr,tests
tf._MaybeColocateWith,tests
tf.reduce_max_with_dims,tests
tf.tensorflow.python.ops.init_ops.RandomUniform,tests
tf._is_tpu_strategy,tests
tf.ragged_tensor_to_sparse,tests
tf.tensorflow.python.keras.initializers.initializers_v2.Zeros,tests
tf.regex_full_match,tests
tf.list_diff,tests
tf.all_strategy_minus_default_and_tpu_combinations,tests
tf.multi_device_iterator_init,tests
tf.setanno,tests
tf._deterministic_dict_values,tests
tf.dynamic_stitch,tests
tf.get_stats_for_node_def,tests
tf.func_graph_from_py_func,tests
tf.bincount_eager_fallback,tests
tf._registered_cholesky,tests
tf.tensorflow.python.ops.init_ops.Ones,tests
tf._MakeShape,tests
tf.__main__.TestTrainingWithDataset,tests
tf._device_string,tests
tf.__main__.MirroredThreeDeviceDistributionTest,tests
tf.validate_colocate_distributed_variable,tests
tf.is_symbolic_tensor,tests
tf.is_subclassed,tests
tf._set_handle_data,tests
tf._ragged_getitem_inner_dimensions,tests
tf.dummy_seed_generator,tests
tf.validate_signature,tests
tf.__main__.LRDecayTest,tests
tf.collective_leader,tests
tf.get_replica_context,tests
tf.scale_loss_for_distribution,tests
tf.mean,tests
tf.__main__.AutographWrapperTest,tests
tf.solve,tests
tf._compute_gradient_list,tests
tf.__main__.ExponentialDecayTest,tests
tf.__main__.ConcatenateDatasetSerializationTest,tests
tf._ensure_xent_args,tests
tf.setdiff1d,tests
tf.merge_device,tests
tf._safe_mean,tests
tf.record_input_eager_fallback,tests
tf.assert_rank_at_least,tests
tf._require_strategy_scope_strategy,tests
tf.__main__.ModelCheckpointTest,tests
tf.get_legacy_output_classes,tests
tf.__main__.CallbackCountsTest,tests
tf._get_default_replica_context,tests
tf._parse_debug_tensor_name,tests
tf.random_poisson_v2,tests
tf._preprocess_conv1d_input,tests
tf.__main__.TimeDistributedTest,tests
tf._FindAttrInOpDef,tests
tf.reduce_any,tests
tf._convert_numpy_inputs,tests
tf.get_data_files_path,tests
tf.build_tensor_info_from_op,tests
tf._check_penalty_number,tests
tf.boosted_trees_calculate_best_gains_per_feature_eager_fallback,tests
tf.__main__.TestDynamicTrainability,tests
tf.ismethod,tests
tf.__main__.TextVectorizationDistributionTest,tests
tf.__main__.StringLookupVocabularyTest,tests
tf.shape_tensor,tests
tf.get_build_info,tests
tf.tensorflow.python.keras.layers.merge.Average,tests
tf.should_skip_serialization,tests
tf._make_node_key,tests
tf.__main__.MirroredTwoDeviceDistributionTest,tests
tf._is_temp_dir,tests
tf.scatter_div,tests
tf.collective_reduce,tests
tf.dismantle_ordered_dict,tests
tf.in_top_kv2_eager_fallback,tests
tf._assert_same_graph,tests
tf.set_value,tests
tf.is_async,tests
tf._getfullargspec,tests
tf._slice_ragged_row_dimension,tests
tf.tensorflow.python.keras.constraints.MaxNorm,tests
tf.rank_internal,tests
tf.check_function_argument_count,tests
tf.call_for_each_replica,tests
tf.executing_eagerly,tests
tf._wrap_2d_function,tests
tf.tf_tensor_list_new,tests
tf._sequence_like,tests
tf.maximum,tests
tf.preprocess_weights_for_loading,tests
tf._loop_fn_has_config,tests
tf.reduce_weighted_loss,tests
tf.__main__.TestModelBackend,tests
tf.float_input,tests
tf.__main__.LayerNormalizationNumericsTest,tests
tf._in_functional_construction_mode,tests
tf.async_scope,tests
tf._get_noise_shape,tests
tf._is_undefined_dimension,tests
tf.normalize_element,tests
tf.autograph_artifact,tests
tf.__main__.CoreLayersTest,tests
tf.__main__.SqrtDecayTest,tests
tf._path_to_string,tests
tf.__main__.UnaryTest,tests
tf.reduce_variance,tests
tf.keywords_to_dict,tests
tf.tensorflow.python.keras.losses.CategoricalCrossentropy,tests
tf.stack,tests
tf._convert_to_tensors_or_sparse_tensors,tests
tf.__main__.RandomTransformTest,tests
tf.learning_phase,tests
tf._sparse_cross_internal,tests
tf.get_logical_device_configuration,tests
tf._with_space_to_batch_base_paddings,tests
tf.convert,tests
tf.save_dataset,tests
tf.check_mutation,tests
tf.conj,tests
tf.__main__.CombinedNmsTest,tests
tf.get_optimizer_experimental_options,tests
tf._validate_cluster_spec,tests
tf.__main__.IntegerLookupSaveableTest,tests
tf._num_present,tests
tf.is_layer,tests
tf.__main__.ZipDatasetSerializationTest,tests
tf.serialize_sparse_tensors,tests
tf.get_synchronous_execution,tests
tf.is_indexed_slices,tests
tf.have_all_keras_metadata,tests
tf.get_graph,tests
tf.tensorflow.python.keras.initializers.initializers_v2.HeUniform,tests
tf.convert_to_list,tests
tf.pad_v2_eager_fallback,tests
tf.squeeze_or_expand_dimensions,tests
tf.compute_gradient,tests
tf.dup,tests
tf.add_function_callback,tests
tf._is_valid_int64,tests
tf._reconstruct_sequence_inputs,tests
tf._validate_indices_list,tests
tf.range_dataset,tests
tf.__main__.RandomContrastTest,tests
tf.latest_checkpoint,tests
tf.__main__.IgnoreErrorsSerializationTest,tests
tf._node_matches_argspec,tests
tf.extract_output_file_path,tests
tf._compute_field_dict,tests
tf._pretty_print,tests
tf.independent_buffers,tests
tf.match_row_splits_dtypes,tests
tf._get_value_in_tfconfig,tests
tf._is_tpu_multi_host,tests
tf.sparse_add,tests
tf.graph_rewrites,tests
tf.directed_interleave_dataset,tests
tf._get_defun_inputs,tests
tf.type_spec_from_value,tests
tf._ReductionDims,tests
tf.empty_tensor_map,tests
tf.__main__.MetricsSerialization,tests
tf.ragged_gather,tests
tf.cast,tests
tf.__main__.ContinueCanonicalizationTest,tests
tf.logical_or,tests
tf.max_error,tests
tf.smart_resize,tests
tf.custom_gradient,tests
tf.tensorflow.python.keras.layers.preprocessing.image_preprocessing.Rescaling,tests
tf._simple_reduce,tests
tf.record_input,tests
tf.set_visible_devices,tests
tf.inplace_add,tests
tf.apply_to_single_assignments,tests
tf.populate_dict_with_module_objects,tests
tf.__main__.CastInt32ToFp32Test,tests
tf.is_autograph_artifact,tests
tf.optional_get_value,tests
tf.is_tensor_array,tests
tf.__main__.CacheDatasetSerializationTest,tests
tf.__main__.ReductionTest,tests
tf.sparse_sparse_minimum,tests
tf._GetCheckpointFilename,tests
tf.one_hot_eager_fallback,tests
tf._as_shape_list,tests
tf._set_handle_shapes_and_types,tests
tf.unique_v2,tests
tf.list_directory_v2,tests
tf.__main__.GroupByReducerSerializationTest,tests
tf._as_ndarray,tests
tf.__main__.KerasSequenceAdapterTest,tests
tf.reduce_prod,tests
tf.convert_to_mixed_eager_tensors,tests
tf.real_div,tests
tf.__main__.ControlDependencyTest,tests
tf.__main__.QuantizationWithRangesTest,tests
tf._MakeType,tests
tf._clip,tests
tf.__main__.LinearDecayTest,tests
tf.complex,tests
tf.__main__.RandomWidthTest,tests
tf._get_default_variable_store,tests
tf._IsScalar,tests
tf.__main__.LossLayer,tests
tf.from_dense,tests
tf.__main__.AssertCardinalityDatasetSerializationTest,tests
tf._yield_flat_up_to,tests
tf.__main__.KerasRegularizersTest,tests
tf.model_type_scope,tests
tf.inplace_add_eager_fallback,tests
tf.__main__.LSTMV2Test,tests
tf.control_status_ctx,tests
tf._get_defun_inputs_from_args,tests
tf.numpy_text,tests
tf.assert_lines_equal_ignoring_whitespace,tests
tf.__main__.AssertsTest,tests
tf.tensorflow.python.keras.constraints.NonNeg,tests
tf.to_tensor_list,tests
tf._ring_permutations,tests
tf.__main__.SkipDatasetSerializationTest,tests
tf.fixed_size_partitioner,tests
tf.__main__.IntegerLookupErrorTest,tests
tf.pad_v2,tests
tf.dtype,tests
tf.log_eager_fallback,tests
tf.matching_files,tests
tf._convert_to_state_tensor,tests
tf.get_legacy_output_types,tests
tf.serialize_many_sparse_tensors,tests
tf.ragged_tensor_to_tensor,tests
tf.convolution_internal,tests
tf.time_to_readable_str,tests
tf.__main__.KerasModelTest,tests
tf.get_default_session,tests
tf.optimize_dataset_v2,tests
tf.normalize_cluster_spec,tests
tf.stat,tests
tf.get_step,tests
tf.collective_reduce_v2_eager_fallback,tests
tf.eval_in_original_context,tests
tf.shape_internal,tests
tf.__main__.TextVectorizationErrorTest,tests
tf.__main__.BuildConstantLayer,tests
tf.complex_abs,tests
tf._get_context_device_type,tests
tf.is_range_tensor,tests
tf.implicit_val_and_grad,tests
tf._create_datasets_from_function_with_input_context,tests
tf.set_stats_aggregator_dataset_eager_fallback,tests
tf.train_validation_split,tests
tf.reset_uids,tests
tf._require_strategy_scope_extended,tests
tf.mean_squared_logarithmic_error,tests
tf.assign_variable_op,tests
tf._GetBatchIndices,tests
tf.tensorflow.python.keras.initializers.initializers_v2.LecunUniform,tests
tf.watch,tests
tf._get_num_slurm_tasks,tests
tf.make_type,tests
tf._constant_to_tensor,tests
tf.stateless_random_normal_eager_fallback,tests
tf.audio,tests
tf.__main__.RangeDatasetSerializationTest,tests
tf.iterator_get_next_as_optional,tests
tf.push_forwardprop_state,tests
tf.logical_not,tests
tf.tensorflow.python.keras.layers.merge.Add,tests
tf.PossibleTapeGradientTypes,tests
tf.concat_v2,tests
tf.fused_batch_norm,tests
tf.tensorflow.python.util.tf_export.api_export,tests
tf.context,tests
tf.clone_and_build_model,tests
tf.tensorflow.python.keras.layers.core.Lambda,tests
tf.enable_eager_execution_internal,tests
tf.convert_image_dtype,tests
tf.log_first_n,tests
tf.tensorflow.python.keras.layers.preprocessing.image_preprocessing.RandomContrast,tests
tf.generate,tests
tf.getanno,tests
tf.space_to_depth,tests
tf.tensorflow.python.keras.losses.CosineSimilarity,tests
tf._variable_handle_from_shape_and_dtype,tests
tf.mat_mul,tests
tf._get_optional_partition_dtype,tests
tf.absl.flags._flagvalues.FlagValues,tests
tf.convert_to_tensor_v2_with_dispatch,tests
tf.ones_like_impl,tests
tf.equal,tests
tf.natural_exp_decay,tests
tf._compute_useful_frames,tests
tf.op_attr_type,tests
tf.bucketize,tests
tf.register_proto_function,tests
tf._build_error_message,tests
tf.sparse_dense_cwise_add,tests
tf.padded_batch_dataset_v2,tests
tf.tensorflow.python.keras.losses.Poisson,tests
tf.has_weights,tests
tf.update_confusion_matrix_variables,tests
tf._call_location,tests
tf.create_variable_like_keras_layer,tests
tf.ragged_bincount,tests
tf._tf_equal,tests
tf.__main__.MergeLayersTest,tests
tf.__main__.MultipleInputTest,tests
tf.tensorflow.python.keras.initializers.initializers_v2.Constant,tests
tf.all_strategy_combinations,tests
tf.unsorted_segment_sum,tests
tf.__main__.ExcludeUnsupportedInt32Test,tests
tf.upper_bound,tests
tf._preprocess_numpy_input,tests
tf._from_tensor_list_helper,tests
tf._type,tests
tf.tensor_list_stack,tests
tf._inplace_helper,tests
tf._validate_namespace_whitelist,tests
tf.get_static_batch_size,tests
tf._environment_var_to_network_endpoints,tests
tf._yield_value,tests
tf.hasanno,tests
tf._tf_tensor_list_append,tests
tf.set_intra_op_parallelism_threads,tests
tf.var_is_initialized_op,tests
tf.avg_pool,tests
tf._shape_and_dtype_str,tests
tf.compute_weighted_loss,tests
tf._ProcessReturnElementsParam,tests
tf._transform_features,tests
tf.__main__.KerasMultiWorkerTestIndependentWorker,tests
tf.get_flat_tensor_shapes,tests
tf.a,tests
tf.int_shape,tests
tf._compute_numeric_jacobian,tests
tf.__main__.DatasetAdapterTest,tests
tf.assign_add,tests
tf._nothing,tests
tf.__main__.ConvLSTMTest,tests
tf.split,tests
tf._hasattr,tests
tf.select,tests
tf.smart_cond,tests
tf.sparse_segment_sum_eager_fallback,tests
tf._compute_gradient,tests
tf.remove_temp_dir_with_filepath,tests
tf.sparse_categorical_crossentropy,tests
tf.resource_scatter_mul,tests
tf.__main__.MemoryAlignmentTest,tests
tf.sparse_bincount,tests
tf.dataset_is_infinite,tests
tf.simple_models_with_strategy_pairs,tests
tf.transpose,tests
tf.serialize_sparse,tests
tf._create_c_op,tests
tf._py_list_stack,tests
tf.tensor_dataset,tests
tf.get_flat_tensor_specs,tests
tf.scatter_nd_update,tests
tf._shape_common,tests
tf.conv_output_shape,tests
tf.trace_export,tests
tf.compute_accidental_hits,tests
tf._get_state_size,tests
tf._convert_to_ragged_tensor_values,tests
tf.__main__.TFOpLambdaTest,tests
tf.get_accelerator_devices,tests
tf._SumGrad,tests
tf.get_small_subclass_mlp,tests
tf._assert_ranks_condition,tests
tf.op_is_stateful,tests
tf.get_test_data,tests
tf._pad_string_to_length,tests
tf.wrap_layer_objects,tests
tf.scatter_sub,tests
tf._needs_no_arguments,tests
tf.destroy_resource_op,tests
tf.mean_eager_fallback,tests
tf.assert_replica_context,tests
tf.__main__.ConversionOptionsTest,tests
tf.pad_sequences,tests
tf._shape_as_tensor,tests
tf.__main__.OptimizeDatasetSerializationTest,tests
tf._locate_elements_in_line,tests
tf.delete_file_v2,tests
tf.var_handle_op,tests
tf.unique_with_counts_eager_fallback,tests
tf._caching_device,tests
tf.dense_bincount_eager_fallback,tests
tf.__main__.DynamicShapesTest,tests
tf.unicode_transcode_eager_fallback,tests
tf.test_combinations_for_embedding_model,tests
tf.make_tensor,tests
tf.disable_tensor_equality,tests
tf.__main__.OneDeviceStrategyTest,tests
tf._always_wrap,tests
tf.matrix_inverse_eager_fallback,tests
tf.__main__.TextVectorizationLayerTest,tests
tf.should_run_eagerly,tests
tf._preserve_control_flow_context,tests
tf.recursive_create_dir_v2,tests
tf.extract_glimpse_v2_eager_fallback,tests
tf.is_sparse,tests
tf.logical_and,tests
tf.exception_type_from_error_code,tests
tf.uses_keras_history,tests
tf.tensorflow.python.ops.linalg.linear_operator_algebra.RegisterAdjoint,tests
tf.__main__.ValidationDatasetNoLimitTest,tests
tf._tf_tensor_len,tests
tf.cumulative_logsumexp,tests
tf.__main__.OneDeviceStrategyOnRemoteWorkerTest,tests
tf.deprecated_internal_learning_phase_scope,tests
tf._serialize_slot_variables,tests
tf.scatter_nd_add,tests
tf.top_kv2,tests
tf.__main__.ReshapeTest,tests
tf.select_cross_device_ops,tests
tf.super_in_original_context,tests
tf.isnamedtuple,tests
tf.parse_ranges,tests
tf.__main__.MultiConnectionNeighborEngineTest,tests
tf.resource_scatter_nd_update,tests
tf.delete_iterator,tests
tf.polyval,tests
tf.__main__.BatchNormalizationTest,tests
tf.dtype_with_default_op_eager_fallback,tests
tf._lift_unlifted_variables,tests
tf.getargspec,tests
tf._get_dim,tests
tf.build_signature_def,tests
tf.gather_non_trainable_weights,tests
tf.assert_broadcastable,tests
tf.dense_to_sparse_batch_dataset,tests
tf.make_int,tests
tf.resource_tracker_scope,tests
tf.is_functional_model_init_params,tests
tf.sparse_reset_shape,tests
tf.tensorflow.python.keras.layers.merge.Multiply,tests
tf.parse_indices,tests
tf.map_fn,tests
tf.mean_squared_error,tests
tf.truediv,tests
tf.tensorflow.python.keras.losses.BinaryCrossentropy,tests
tf.relu_grad,tests
tf.stateless_random_uniform_full_int_v2,tests
tf._check_create_file_writer_args,tests
tf.pad_eager_fallback,tests
tf.__main__.LSTMLayerTest,tests
tf.sparse_reduce_sum,tests
tf.get_value,tests
tf.get_copy_pool,tests
tf.__main__.KerasSaveLoadTest,tests
tf.create_autocast_variable,tests
tf.convert_to_eager_tensor,tests
tf.abs_,tests
tf.deprecated,tests
tf.square,tests
tf.global_batch_size_supported,tests
tf.disable_mixed_precision_graph_rewrite,tests
tf.selu_grad,tests
tf.copyanno,tests
tf.write,tests
tf._best_effort_input_batch_size,tests
tf.clip_by_value,tests
tf.verify_tensor_all_finite_v2,tests
tf._get_and_validate_synchronization,tests
tf._get_output_shapes,tests
tf.mutex_v2,tests
tf.is_distributed_variable,tests
tf._IndexedSlicesToTensorNoWarning,tests
tf._Collect,tests
tf.fractional_max_pool_grad_eager_fallback,tests
tf._parse_config_to_function,tests
tf.__main__.ListTest,tests
tf.broadcast_matrix_batch_dims,tests
tf.__main__.ShuffleAndRepeatSerializationTest,tests
tf._ReshapeToInput,tests
tf.set_step,tests
tf._merge_masks,tests
tf.conv_kernel_idxs,tests
tf._static_rank_in,tests
tf.divide,tests
tf._is_device_list_single_worker,tests
tf.make_tensor_proto,tests
tf.eye,tests
tf.log_cosh,tests
tf.assert_proper_iterable,tests
tf.get_global_step,tests
tf._test_sequential_model_type,tests
tf.could_possibly_record,tests
tf.tensorflow.python.eager.wrap_function.VariableHolder,tests
tf.append_composite_tensor,tests
tf.__main__.CustomerLayer,tests
tf.inverse,tests
tf.bytes_to_readable_str,tests
tf._batch_gather,tests
tf.concat_offset,tests
tf._check_data_cardinality,tests
tf._eager_mode_decorator,tests
tf._convert_to_structured_field_value,tests
tf.ndtri,tests
tf.apply_aggregation,tests
tf.__main__.UpSamplingTest,tests
tf.truncated_normal,tests
tf.sqrt,tests
tf.ragged_bincount_eager_fallback,tests
tf._get_sorted_col_indices,tests
tf._matrix_exp_pade5,tests
tf.fractional_avg_pool,tests
tf.__main__.InputInEagerTest,tests
tf.populate_deserializable_objects,tests
tf._min,tests
tf._check_shape,tests
tf.tensorflow.python.keras.initializers.initializers_v2.Identity,tests
tf.argmin_v2,tests
tf.extract_image_patches,tests
tf.generic,tests
tf._to_tensor_list_helper,tests
tf._elems_value_batchable_to_flat,tests
tf.__main__.ConstInputTest,tests
tf.set_log_device_placement,tests
tf.fingerprint,tests
tf.tensor_list_from_tensor,tests
tf.resolve,tests
tf._distribute,tests
tf.add_to_collections,tests
tf.clear_op_callbacks,tests
tf.__main__.NormalizationTest,tests
tf.__main__.Conv1DTransposeTest,tests
tf.write_file_eager_fallback,tests
tf.__main__.Conv2DStridedNCHWTest,tests
tf.matrix_diag_v3_eager_fallback,tests
tf.__main__.UnbatchDatasetSerializationTest,tests
tf.hann_window,tests
tf.__main__.RandomCropTest,tests
tf.__main__.GenericArrayLikeDataAdapterTest,tests
tf.__main__.HashingTest,tests
tf.flatten_nested_indexed_slices,tests
tf.get_collection,tests
tf.__main__.ParseExampleDatasetSerializationTest,tests
tf.__main__.TestTrainingWithMetrics,tests
tf.aggregate_tensors_or_indexed_slices,tests
tf.__main__.KerasOptimizersTest,tests
tf.path_to_bytes,tests
tf.keras_tensor_combinations,tests
tf._IsListParameter,tests
tf.ragged_range,tests
tf.enable_v2_dtype_behavior,tests
tf._tridiagonal_solve_compact_format,tests
tf.embedding_lookup,tests
tf.get_to_proto_function,tests
tf._nrows,tests
tf._PopulateTFImportGraphDefOptions,tests
tf.__main__.SequentialIntegrationTest,tests
tf.wrap_function,tests
tf.tensorflow.python.ops.script_ops.EagerFunc,tests
tf.expand_hostlist,tests
tf.sparse_dense_cwise_mul,tests
tf._run_std_server,tests
tf.tf_tensor_array_new,tests
tf._default_conversion_function,tests
tf.Input,tests
tf.execution_mode,tests
tf.initialized,tests
tf.scalar,tests
tf.max_pool_grad_grad_with_argmax,tests
tf.run_v2_only,tests
tf.collective_gather_eager_fallback,tests
tf.__main__.ListCompTest,tests
tf.assert_shapes,tests
tf._padding_values_or_default,tests
tf.make_template_internal,tests
tf.is_built_in,tests
tf._is_building_keras_layer,tests
tf.__main__.KerasLayerTest,tests
tf._ctc_loss_impl,tests
tf.tensorflow.python.ops.linalg.linear_operator_algebra.RegisterSolve,tests
tf.__main__.TestStatefulLambda,tests
tf.rename_symbols,tests
tf.v2_dtype_behavior_enabled,tests
tf.__main__.TextVectorizationSavingTest,tests
tf.graph_placeholder,tests
tf.erosion2d,tests
tf.reduce_max,tests
tf.to_batched_tensor_list,tests
tf.list_physical_devices,tests
tf._v2_function_test,tests
tf.tensorflow.python.keras.layers.merge.Maximum,tests
tf.normalize_padding,tests
tf.resize_bilinear,tests
tf.matrix_set_diag_v3,tests
tf.__main__.ControlFlowTestBase,tests
tf.standardize_weights,tests
tf.colocate_with,tests
tf._cross_internal,tests
tf.globals_in_original_context,tests
tf._is_enabled,tests
tf.create_summary_file_writer_eager_fallback,tests
tf._remove_squeezable_dimensions,tests
tf.__main__.MapAndBatchDatasetSerializationTest,tests
tf.__main__.CategoryEncodingAdaptTest,tests
tf.__main__.Conv2DTest,tests
tf.__main__.LegacySnapshotDatasetSerializationTest,tests
tf.__main__.CategoryEncodingModelBuildingTest,tests
tf._fix_linecache_record,tests
tf.debug_numeric_summary_v2,tests
tf.stitch_values,tests
tf.relu6_grad,tests
tf.array_to_img,tests
tf.name_scope,tests
tf.MakeNdarray,tests
tf.copy_to_device,tests
tf.mean_absolute_error,tests
tf._find_originating_frame,tests
tf.make_one_shot_iterator,tests
tf.parse_command,tests
tf.floor_div_eager_fallback,tests
tf._sum_eager_fallback,tests
tf.less_equal,tests
tf.value_container,tests
tf.__main__.DropoutLayersTest,tests
tf._has_tf_decorator_attr,tests
tf.merge_options,tests
tf.binary_crossentropy,tests
tf.__main__.LayerWithLosses,tests
tf.embedding_lookup_v2,tests
tf._build_maximum_iterations_loop_var,tests
tf._make_assert_msg_data,tests
tf.__main__.CuDNNTest,tests
tf.is_ref,tests
tf._default_control_status_ctx,tests
tf.experimental_jit_scope,tests
tf.make_str,tests
tf._get_outer_context_and_inner_device_stack,tests
tf.__main__.BaseLayerTest,tests
tf.one_hot,tests
tf.sparse_sparse_maximum,tests
tf.compress_element,tests
tf.disable_mlir_graph_optimization,tests
tf.__main__.TopKTest,tests
tf.stripped_op_list_for_graph,tests
tf.__main__.LayerCorrectnessTest,tests
tf.prepend_name_scope,tests
tf.replace,tests
tf.__main__.ParallelMapDatasetSerializationTest,tests
tf.convert_legacy_structure,tests
tf._standardize_args,tests
tf.clear_function_callbacks,tests
tf.anonymous_multi_device_iterator,tests
tf.delanno,tests
tf.multi_device_iterator,tests
tf._reshape_for_efficiency,tests
tf.start,tests
tf.tensorflow.python.keras.mixed_precision.test_util.MultiplyLayer,tests
tf.get_call_context_function,tests
tf.all_candidate_sampler,tests
tf.__main__.ScanDatasetSerializationTest,tests
tf.constant,tests
tf.tensorflow.python.keras.layers.preprocessing.category_encoding.CategoryEncoding,tests
tf.lookup_table_import_v2,tests
tf._run_between_graph_client,tests
tf._tf_not,tests
tf.distributions_and_v2_optimizers,tests
tf._default_inner_shape_for_pylist,tests
tf._build_ragged_tensor_from_value_ranges,tests
tf.conv2d,tests
tf.__main__.DynamicInputShapesTest,tests
tf.create_partitioned_variables,tests
tf.cosine_similarity,tests
tf._maybe_wrap_custom_getter,tests
tf.add_leading_unit_dimensions,tests
tf.tensorflow.python.keras.layers.preprocessing.image_preprocessing.Resizing,tests
tf.arg_is_blockwise,tests
tf.recursive_create_dir,tests
tf._clone_layer,tests
tf.tensorflow.python.keras.losses.Huber,tests
tf._py_map,tests
tf.parse_example_dataset,tests
tf.fixed_length_record_dataset_v2,tests
tf._FlattenToStrings,tests
tf.top_k_categorical_accuracy,tests
tf.anonymous_iterator_v2,tests
tf.__main__.KerasCallbacksTest,tests
tf.__main__.PrivateLayer,tests
tf.set_inter_op_parallelism_threads,tests
tf.__main__.NoiseLayersTest,tests
tf.error_code_from_exception_type,tests
tf.isgenerator,tests
tf._SatisfiesTypeConstraint,tests
tf.tensorflow.python.keras.regularizers.L1L2,tests
tf.single_batch_iterator,tests
tf._is_convertible_to_tensor,tests
tf.wrap_py_func,tests
tf.needs_keras_history,tests
tf.fractional_max_pool,tests
tf.dense_to_sparse_batch,tests
tf.enable_mixed_precision_graph_rewrite,tests
tf.__main__.LearningPhaseTest,tests
tf.__main__.RaggedKerasTensorTest,tests
tf._convert_alg_to_int,tests
tf._remove_ancillary_layers,tests
tf.islambda,tests
tf.compute_capability_from_device_desc,tests
tf.replica_device_setter,tests
tf.create_pseudo_output_names,tests
tf.inplace_update,tests
tf._result_batchable_to_flat,tests
tf.expand_1d,tests
tf.matrix_diag_part_v3,tests
tf.lower_bound,tests
tf.iterator_to_string_handle,tests
tf._get_handle_mover,tests
tf.make_all,tests
tf._py_enumerate,tests
tf._matrix_exp_pade7,tests
tf.interpolate,tests
tf._initialize_variables,tests
tf.batch_gather,tests
tf.__main__.StandardizeWeightsTest,tests
tf.__main__.StatsDatasetSerializationTest,tests
tf._if_ge_zero,tests
tf.track_tf_optimizer,tests
tf._is_array_like,tests
tf.tensorflow.python.ops.linalg.linear_operator_algebra.RegisterCholesky,tests
tf.scatter_nd_eager_fallback,tests
tf.switch,tests
tf.matrix_diag_part_v3_eager_fallback,tests
tf.obtain_all_variant_tensor_ops,tests
tf.get_path_to_datafile,tests
tf.__main__.ListsOfScalarsDataAdapterTest,tests
tf.cumsum,tests
tf.__main__.VectorClassificationIntegrationTest,tests
tf.stateless_truncated_normal_v2,tests
tf.disable_control_flow_v2,tests
tf.get_model_type,tests
tf.args_to_matching_eager,tests
tf.__main__.MixedPrecisionTest,tests
tf.__main__.OptimizerCoefficientTest,tests
tf.parse_example_v2,tests
tf.tpu_strategy_combinations,tests
tf.__main__.ConverterBaseTest,tests
tf.dataset_to_graph_v2,tests
tf.control_dependency_on_returns,tests
tf._get_slice_dim_and_num_slices,tests
tf.enumerate_,tests
tf.transpose_eager_fallback,tests
tf.gather_v2_eager_fallback,tests
tf.non_deterministic_ints_eager_fallback,tests
tf.tf_buffer,tests
tf._generate_shared_name,tests
tf.real,tests
tf.run_with_all_model_types,tests
tf.create_option,tests
tf.strategy_minus_tpu_combinations,tests
tf.make_batches,tests
tf.clip,tests
tf._get_sequence,tests
tf._load_tf_config,tests
tf.__main__.DTypeTest,tests
tf.get_memory_growth,tests
tf.collective_reduce_eager_fallback,tests
tf._complex,tests
tf._handle_or_self,tests
tf.batch_sizes_for_worker,tests
tf.enable_mlir_bridge,tests
tf._get_layer_call_method,tests
tf.__main__.CsvDatasetSerializationTest,tests
tf._all_devices_match,tests
tf._compact_stack_trace,tests
tf.unique_with_counts_v2,tests
tf.min_max_variable_partitioner,tests
tf.get_logger,tests
tf._slice,tests
tf.push_new_tape,tests
tf.argmax,tests
tf._is_known_loaded_type,tests
tf.disable_v2_tensorshape,tests
tf.GetNumpyAppendFn,tests
tf.poisson,tests
tf.override_threadpool,tests
tf.SmartBroadcastGradientArgs,tests
tf.dense_labels_to_sparse,tests
tf._infer_state_dtype,tests
tf.reverse_sequence_eager_fallback,tests
tf.is_default,tests
tf.tensor_list_set_item_eager_fallback,tests
tf._parse_func_attrs,tests
tf.min,tests
tf.empty_tensor_map_eager_fallback,tests
tf.sparse_segment_mean_grad_eager_fallback,tests
tf.test_combinations_with_tpu_strategies_graph,tests
tf.__main__.LambdaLayerTest,tests
tf._config_for_enable_caching_device,tests
tf.erfinv,tests
tf.eager_safe_variable_handle,tests
tf.__main__.TestEinsumDenseLayer,tests
tf.assert_non_negative,tests
tf.is_device_spec,tests
tf.matvec,tests
tf.make_attr,tests
tf.parse_expression,tests
tf.path_to_string_content,tests
tf.tensorflow.python.keras.layers.core.ActivityRegularization,tests
tf.device_policy,tests
tf.as_text,tests
tf.get_device_policy,tests
tf.get_mask,tests
tf.__main__.BatchMatMulWeightBroadcastDims2Test,tests
tf.as_shape,tests
tf.vlog,tests
tf.__main__.CorrectnessTest,tests
tf.get_checkpoint_state,tests
tf._result_flat_signature_to_batchable_tensor_spec,tests
tf.scatter_nd_sub,tests
tf.get_visible_devices,tests
tf.get_default_graph,tests
tf.deprecated_internal_set_learning_phase,tests
tf.get_dataset_graph_def,tests
tf._configure_session_config_for_std_servers,tests
tf.dispatch,tests
tf.mutable_dense_hash_table_v2,tests
tf._all_dimensions,tests
tf.remove_temp_dirpath,tests
tf.list_directory,tests
tf._bfs_for_reachable_nodes,tests
tf.remove_undocumented,tests
tf.update_state_wrapper,tests
tf.ShapeEquals,tests
tf.cos,tests
tf.trace_model_call,tests
tf._extract_graph_summary,tests
tf._canonicalize_variable_name,tests
tf._is_convertible_to_dtype,tests
tf.sparse_cross_hashed,tests
tf.__main__.RepeatDatasetSerializationTest,tests
tf.unique_object_name,tests
tf.is_ragged,tests
tf.alias_inplace_update,tests
tf.saved_model_format_scope,tests
tf._enclosing_xla_context,tests
tf.get_loss_reduction,tests
tf.stateless_random_normal_v2,tests
tf.tensorflow.python.keras.losses.LogCosh,tests
